开始节点,关系,结束节点,text
串行通信,包含,串行同步通信,串行通信又分为串行同步通信和串行异步通信。
串行通信,包含,串行异步通信,串行通信又分为串行同步通信和串行异步通信。
帧格式定义,等价,串行异步通信,串行异步通信等价于帧格式定义。
串行通信,包含,串行通信方式,串行通信还包含串行通信方式、串行通信接口标准、串口波特率的概念。
串行通信,包含,串行通信接口标准,串行通信还包含串行通信方式、串行通信接口标准、串口波特率的概念。
串行通信,包含,串口波特率的概念,串行通信还包含串行通信方式、串行通信接口标准、串口波特率的概念。
串行通信方式,包含,单工通信,串行通信方式有三个：单工通信、半双工通信和全双工通信。
串行通信方式,包含,半双工通信,串行通信方式有三个：单工通信、半双工通信和全双工通信。
串行通信方式,包含,全双工通信,串行通信方式有三个：单工通信、半双工通信和全双工通信。
串行通信接口标准,包含,RS232接口定义,串行通信接口标准包含了RS232接口定义、RS232接口电路和RS232转串口电路。
串行通信接口标准,包含,RS232接口电路,串行通信接口标准包含了RS232接口定义、RS232接口电路和RS232转串口电路。
串行通信接口标准,包含,RS232转串口电路,串行通信接口标准包含了RS232接口定义、RS232接口电路和RS232转串口电路。
串口波特率,包含,串口波特率定义,串口波特率包含了串口波特率定义和串口波特率计算。
串口波特率,包含,串口波特率计算,串口波特率包含了串口波特率定义和串口波特率计算。
串口工作方式,类型,串口工作方式0,串口工作方式有四种，分别是串口工作方式1、串口工作方式2、串口工作方式3、串口工作方式0。
串口工作方式,类型,串口工作方式1,串口工作方式有四种，分别是串口工作方式1、串口工作方式2、串口工作方式3、串口工作方式0。
串口工作方式,类型,串口工作方式2,串口工作方式有四种，分别是串口工作方式1、串口工作方式2、串口工作方式3、串口工作方式0。
串口工作方式,类型,串口工作方式3,串口工作方式有四种，分别是串口工作方式1、串口工作方式2、串口工作方式3、串口工作方式0。
串口引脚,包含,TXD,串口引脚包含了TXD和RXD。
串口引脚,包含,RXD,串口引脚包含了TXD和RXD。
SBUF,相关,TXD,TXD和RXD均与SBUF有关。
SBUF,相关,RXD,TXD和RXD均与SBUF有关。
串口结构,包含,串口控制寄存器,串口结构中，包含了串口控制寄存器、串口数据缓冲器、串口发送控制器、串口接收控制器、输入移位寄存器和波特率发生器。
串口结构,包含,串口数据缓冲器,串口结构中，包含了串口控制寄存器、串口数据缓冲器、串口发送控制器、串口接收控制器、输入移位寄存器和波特率发生器。
串口结构,包含,串口发送控制器,串口结构中，包含了串口控制寄存器、串口数据缓冲器、串口发送控制器、串口接收控制器、输入移位寄存器和波特率发生器。
串口结构,包含,串口接收控制器,串口结构中，包含了串口控制寄存器、串口数据缓冲器、串口发送控制器、串口接收控制器、输入移位寄存器和波特率发生器。
串口结构,包含,输入移位寄存器,串口结构中，包含了串口控制寄存器、串口数据缓冲器、串口发送控制器、串口接收控制器、输入移位寄存器和波特率发生器。
串口结构,包含,波特率发生器,串口结构中，包含了串口控制寄存器、串口数据缓冲器、串口发送控制器、串口接收控制器、输入移位寄存器和波特率发生器。
串口控制寄存器,等价,SCON,其中，串口控制寄存器等价于SCON。
串口数据缓冲器,等价,SBUF,串口数据缓冲器等价于SBUF。
串口发送控制器,控制,串口数据缓冲器,串口发送控制器能够控制串口数据缓冲器。
串口接收控制器,控制,串口数据缓冲器,串口接收控制器能够控制串口数据缓冲器。
串口控制寄存器,控制,串口发送控制器,串口控制寄存器能够控制串口发送控制器和串口接收控制器。
串口控制寄存器,控制,串口接收控制器,串口控制寄存器能够控制串口发送控制器和串口接收控制器。
串口接收控制器,控制,输入移位寄存器,串口接收控制器控制输入移位寄存器。
波特率发生器,相关,串口发送控制器,波特率发生器与串口发送控制器、串口接收控制器有关。
波特率发生器,相关,串口接收控制器,波特率发生器与串口发送控制器、串口接收控制器有关。
串口编程,包含,串口初始化,串口编程的过程包括了串口初始化和串口函数。
串口编程,包含,串口函数,串口编程的过程包括了串口初始化和串口函数。
串口初始化,相关,串口函数,串口初始化和串口函数相关。
定时计数器,包含,定时计数器编程,定时计数器主要包含了五个部分：定时计数器编程、定时计数器内部结构、定时计数器引脚、定时计数器工作方式和定时计数器控制寄存器。
定时计数器,包含,定时计数器内部结构,定时计数器主要包含了五个部分：定时计数器编程、定时计数器内部结构、定时计数器引脚、定时计数器工作方式和定时计数器控制寄存器。
定时计数器,包含,定时计数器控制寄存器,定时计数器主要包含了五个部分：定时计数器编程、定时计数器内部结构、定时计数器引脚、定时计数器工作方式和定时计数器控制寄存器。
定时计数器,包含,定时计数器引脚,定时计数器主要包含了五个部分：定时计数器编程、定时计数器内部结构、定时计数器引脚、定时计数器工作方式和定时计数器控制寄存器。
定时计数器,包含,定时计数器工作方式,定时计数器主要包含了五个部分：定时计数器编程、定时计数器内部结构、定时计数器引脚、定时计数器工作方式和定时计数器控制寄存器。
定时计数器编程,包含,定时计数器初始化,定时计数器编程又包含了定时计数器初始化和定时计数器函数。
定时计数器编程,包含,定时计数器函数,定时计数器编程又包含了定时计数器初始化和定时计数器函数。
定时计数器初始化,相关,定时计数器函数,定时计数器初始化和定时计数器函数有关。
定时计数器初始化,赋值,定时计数器初值计算,定时计数器初始化能够对定时计数器初值计算、TCON、TMOD进行赋值。
定时计数器初始化,赋值,TCON,定时计数器初始化能够对定时计数器初值计算、TCON、TMOD进行赋值。
定时计数器初始化,赋值,TMOD,定时计数器初始化能够对定时计数器初值计算、TCON、TMOD进行赋值。
定时计数器内部结构,包含,TMOD,定时计数器内部结构包括了TCON、TMOD、定时计数器T0和定时计数器T1。
定时计数器内部结构,包含,TCON,定时计数器内部结构包括了TCON、TMOD、定时计数器T0和定时计数器T1。
定时计数器内部结构,包含,定时计数器T1,定时计数器内部结构包括了TCON、TMOD、定时计数器T0和定时计数器T1。
定时计数器内部结构,包含,定时计数器T0,定时计数器内部结构包括了TCON、TMOD、定时计数器T0和定时计数器T1。
TCON,控制,定时计数器T0,TCON能够控制定时计数器T0和定时计数器T1。
TCON,控制,定时计数器T1,TCON能够控制定时计数器T0和定时计数器T1。
TMOD,控制,定时计数器T0,TMOD能够控制定时计数器T0和定时计数器T1。
TMOD,控制,定时计数器T1,TMOD能够控制定时计数器T0和定时计数器T1。
定时计数器工作方式,类型,定时计数器工作方式0,定时计数器工作方式有四种类型：定时计数器工作方式0、定时计数器工作方式1、定时计数器工作方式2、定时计数器工作方式3。
定时计数器工作方式,类型,定时计数器工作方式1,定时计数器工作方式有四种类型：定时计数器工作方式0、定时计数器工作方式1、定时计数器工作方式2、定时计数器工作方式3。
定时计数器工作方式,类型,定时计数器工作方式2,定时计数器工作方式有四种类型：定时计数器工作方式0、定时计数器工作方式1、定时计数器工作方式2、定时计数器工作方式3。
定时计数器工作方式,类型,定时计数器工作方式3,定时计数器工作方式有四种类型：定时计数器工作方式0、定时计数器工作方式1、定时计数器工作方式2、定时计数器工作方式3。
定时计数器控制寄存器,包含,TCON,定时计数器控制寄存器包含了TCON、TMOD。
定时计数器控制寄存器,包含,TMOD,定时计数器控制寄存器包含了TCON、TMOD。
TCON,位标志,TF0,TCON的位标志有TF0和TF1。
TCON,位标志,TF1,TCON的位标志有TF0和TF1。
中断系统,包含,中断应用,中断系统包含了中断应用、中断源、中断允许寄存器、中断优先寄存器、中断优先级。
中断系统,包含,中断允许寄存器,中断系统包含了中断应用、中断源、中断允许寄存器、中断优先寄存器、中断优先级。
中断系统,包含,中断优先寄存器,中断系统包含了中断应用、中断源、中断允许寄存器、中断优先寄存器、中断优先级。
中断系统,包含,中断优先级,中断系统包含了中断应用、中断源、中断允许寄存器、中断优先寄存器、中断优先级。
中断应用,包含,中断初始化,在中断应用中，又包含了中断初始化和中断函数。
中断应用,包含,中断函数,在中断应用中，又包含了中断初始化和中断函数。
中断初始化,相关,中断函数,中断初始化和中断函数有关系。
中断初始化,赋值,IE,中断初始化能够给IE和IP赋值。
中断初始化,赋值,IP,中断初始化能够给IE和IP赋值。
中断源,类型,外中断0,中断源共有五种，分别为外中断0、外中断1、定时器0、定时器1和串口中断。
中断源,类型,外中断1,中断源共有五种，分别为外中断0、外中断1、定时器0、定时器1和串口中断。
中断源,类型,定时器0,中断源共有五种，分别为外中断0、外中断1、定时器0、定时器1和串口中断。
中断源,类型,定时器1,中断源共有五种，分别为外中断0、外中断1、定时器0、定时器1和串口中断。
中断源,类型,串口中断,中断源共有五种，分别为外中断0、外中断1、定时器0、定时器1和串口中断。
外中断0,等价,IE0,外中断0等价于IE0。
外中断1,等价,IE1,外中断1等价于IE1。
定时器0,等价,TF0,定时器0等价于TF0。
定时器1,等价,TF1,定时器1等价于TF1。
串口中断,等价,RI,串口中断等价于RI和TI。
串口中断,等价,TI,串口中断等价于RI和TI。
外中断0,并列,外中断1,外中断0、外中断1、定时器0、定时器1和串口中断相互之间为并列关系。
外中断0,并列,定时器0,外中断0、外中断1、定时器0、定时器1和串口中断相互之间为并列关系。
外中断0,并列,定时器1,外中断0、外中断1、定时器0、定时器1和串口中断相互之间为并列关系。
外中断0,并列,串口中断,外中断0、外中断1、定时器0、定时器1和串口中断相互之间为并列关系。
外中断1,并列,定时器0,外中断0、外中断1、定时器0、定时器1和串口中断相互之间为并列关系。
外中断1,并列,定时器1,外中断0、外中断1、定时器0、定时器1和串口中断相互之间为并列关系。
外中断1,并列,串口中断,外中断0、外中断1、定时器0、定时器1和串口中断相互之间为并列关系。
定时器0,并列,定时器1,外中断0、外中断1、定时器0、定时器1和串口中断相互之间为并列关系。
定时器0,并列,串口中断,外中断0、外中断1、定时器0、定时器1和串口中断相互之间为并列关系。
定时器1,并列,串口中断,外中断0、外中断1、定时器0、定时器1和串口中断相互之间为并列关系。
中断源,控制,中断允许寄存器,中断源能够控制中断允许寄存器和中断优先寄存器。
中断源,控制,中断优先寄存器,中断源能够控制中断允许寄存器和中断优先寄存器。
中断允许寄存器,等价,IE,中断允许寄存器等价于IE。
中断优先寄存器,等价,IP,中断优先寄存器等价于IP。
IE,位标志,EX0,IE的位标志有EX0和EA。
IE,位标志,EA,IE的位标志有EX0和EA。
中断优先级,类型,自然优先级,中断优先级的类型有三种，分别为自然优先级、高级优先级和低级优先级。
中断优先级,类型,高级优先级,中断优先级的类型有三种，分别为自然优先级、高级优先级和低级优先级。
中断优先级,类型,低级优先级,中断优先级的类型有三种，分别为自然优先级、高级优先级和低级优先级。
IP,控制,自然优先级,IP能够控制自然优先级、高级优先级和低级优先级。
IP,控制,高级优先级,IP能够控制自然优先级、高级优先级和低级优先级。
IP,控制,低级优先级,IP能够控制自然优先级、高级优先级和低级优先级。
存储器,包含,片内ROM,存储器包含了四部分：片内ROM、片外ROM、片内RAM、片外RAM。
存储器,包含,片内RAM,存储器包含了四部分：片内ROM、片外ROM、片内RAM、片外RAM。
存储器,包含,片外ROM,存储器包含了四部分：片内ROM、片外ROM、片内RAM、片外RAM。
存储器,包含,片外RAM,存储器包含了四部分：片内ROM、片外ROM、片内RAM、片外RAM。
片内ROM,包含,中断向量,片内ROM包含了中断向量。
中断向量,类型,外中断0入口地址,中断向量的类型为外中断0入口地址、外中断1入口地址、定时器0入口地址、定时器1入口地址和串口中断入口地址。
中断向量,类型,外中断1入口地址,中断向量的类型为外中断0入口地址、外中断1入口地址、定时器0入口地址、定时器1入口地址和串口中断入口地址。
中断向量,类型,定时器0入口地址,中断向量的类型为外中断0入口地址、外中断1入口地址、定时器0入口地址、定时器1入口地址和串口中断入口地址。
中断向量,类型,定时器1入口地址,中断向量的类型为外中断0入口地址、外中断1入口地址、定时器0入口地址、定时器1入口地址和串口中断入口地址。
中断向量,类型,串口中断入口地址,中断向量的类型为外中断0入口地址、外中断1入口地址、定时器0入口地址、定时器1入口地址和串口中断入口地址。
片内ROM,扩展,片外ROM,片内ROM扩展得到片外ROM。
EA,读写,片外ROM,EA与片外ROM是读写关系。
PSEN,读写,片外ROM,PSEN与片外ROM是读写关系。
片内RAM,包含,工作寄存器区,片内RAM包含了工作寄存器区、位寻址区、用户区和SFR。
片内RAM,包含,位寻址区,片内RAM包含了工作寄存器区、位寻址区、用户区和SFR。
片内RAM,包含,位寻址区,片内RAM包含了工作寄存器区、位寻址区、用户区和SFR。
片内RAM,包含,用户区,片内RAM包含了工作寄存器区、位寻址区、用户区和SFR。
片内RAM,包含,SFR,片内RAM包含了工作寄存器区、位寻址区、用户区和SFR。
片内RAM,扩展,片外RAM,片内RAM扩展得到片外RAM。
引脚,包含,控制引脚,引脚主要包含了以下几部分：控制引脚、电源及时钟引脚、引脚第二功能、I/O引脚、系统总线。
引脚,包含,电源及时钟引脚,引脚主要包含了以下几部分：控制引脚、电源及时钟引脚、引脚第二功能、I/O引脚、系统总线。
引脚,包含,引脚第二功能,引脚主要包含了以下几部分：控制引脚、电源及时钟引脚、引脚第二功能、I/O引脚、系统总线。
引脚,包含,I/O引脚,引脚主要包含了以下几部分：控制引脚、电源及时钟引脚、引脚第二功能、I/O引脚、系统总线。
引脚,包含,系统总线,引脚主要包含了以下几部分：控制引脚、电源及时钟引脚、引脚第二功能、I/O引脚、系统总线。
控制引脚,包含,EA,控制引脚包含EA、PSEN、RST、ALE。
控制引脚,包含,PSEN,控制引脚包含EA、PSEN、RST、ALE。
控制引脚,包含,RST,控制引脚包含EA、PSEN、RST、ALE。
控制引脚,包含,ALE,控制引脚包含EA、PSEN、RST、ALE。
电源及时钟引脚,包含,VSS,电源及时钟引脚包含了VSS、VCC、XTAL1、XTAL2。
电源及时钟引脚,包含,VCC,电源及时钟引脚包含了VSS、VCC、XTAL1、XTAL2。
电源及时钟引脚,包含,XTAL1,电源及时钟引脚包含了VSS、VCC、XTAL1、XTAL2。
电源及时钟引脚,包含,XTAL2,电源及时钟引脚包含了VSS、VCC、XTAL1、XTAL2。
引脚第二功能,相关,I/O引脚,引脚第二功能与I/O引脚有关。
I/O引脚,包含,P0,I/O引脚包含了P0、P1、P2、P3。
I/O引脚,包含,P1,I/O引脚包含了P0、P1、P2、P3。
I/O引脚,包含,P2,I/O引脚包含了P0、P1、P2、P3。
I/O引脚,包含,P3,I/O引脚包含了P0、P1、P2、P3。
系统总线,类型,数据总线,系统总线分为了数据总线、地址总线和控制总线。
系统总线,类型,地址总线,系统总线分为了数据总线、地址总线和控制总线。
系统总线,类型,控制总线,系统总线分为了数据总线、地址总线和控制总线。
时钟电路,包含,XTAL1,时钟电路包含了XTAL1、XTAL2、指令周期、机器周期和时钟周期。
时钟电路,包含,XTAL2,时钟电路包含了XTAL1、XTAL2、指令周期、机器周期和时钟周期。
时钟电路,包含,指令周期,时钟电路包含了XTAL1、XTAL2、指令周期、机器周期和时钟周期。
时钟电路,包含,机器周期,时钟电路包含了XTAL1、XTAL2、指令周期、机器周期和时钟周期。
时钟电路,包含,时钟周期,时钟电路包含了XTAL1、XTAL2、指令周期、机器周期和时钟周期。
指令周期,相关,机器周期,指令周期和机器周期有关。
机器周期,相关,时钟周期,机器周期和时钟周期有关。
P3.7,相关,RD,P3.7的第二功能是RD，是外部数据存储器的读选通输出。
P3.6,相关,WR,P3.6的第二功能是WR，是外部数据存储器的写选通输出。
P3.5,相关,T1,P3.5的第二功能是T1，是定时器1外部计数的输入。
P3.4,相关,T0,P3.4的第二功能是T0，是定时器0外部计数的输入。
P3.3,相关,INT1,P3.3的第二功能是INT1，是外部中断1的输入。
P3.2,相关,INT0,P3.2的第二功能是INT0，是外部中断0的输入。
P3.1,相关,TXD,P3.1的第二功能是TXD，是串行数据的输出口。
P3.0,相关,RXD,P3.0的第二功能是RXD，是串行数据的输入口。
P0口,包含,P0.7,P0口是8位，分别为P0.7、P0.6、P0.5、P0.4、P0.3、P0.2、P0.1、P0.0。
P0口,包含,P0.6,P0口是8位，分别为P0.7、P0.6、P0.5、P0.4、P0.3、P0.2、P0.1、P0.0。
P0口,包含,P0.5,P0口是8位，分别为P0.7、P0.6、P0.5、P0.4、P0.3、P0.2、P0.1、P0.0。
P0口,包含,P0.4,P0口是8位，分别为P0.7、P0.6、P0.5、P0.4、P0.3、P0.2、P0.1、P0.0。
P0口,包含,P0.3,P0口是8位，分别为P0.7、P0.6、P0.5、P0.4、P0.3、P0.2、P0.1、P0.0。
P0口,包含,P0.2,P0口是8位，分别为P0.7、P0.6、P0.5、P0.4、P0.3、P0.2、P0.1、P0.0。
P0口,包含,P0.1,P0口是8位，分别为P0.7、P0.6、P0.5、P0.4、P0.3、P0.2、P0.1、P0.0。
P0口,包含,P0.0,P0口是8位，分别为P0.7、P0.6、P0.5、P0.4、P0.3、P0.2、P0.1、P0.0。
P1口,包含,P1.7,P1口是8位，分别为P1.7、P1.6、P1.5、P1.4、P1.3、P1.2、P1.1、P1.0。
P1口,包含,P1.6,P1口是8位，分别为P1.7、P1.6、P1.5、P1.4、P1.3、P1.2、P1.1、P1.0。
P1口,包含,P1.5,P1口是8位，分别为P1.7、P1.6、P1.5、P1.4、P1.3、P1.2、P1.1、P1.0。
P1口,包含,P1.4,P1口是8位，分别为P1.7、P1.6、P1.5、P1.4、P1.3、P1.2、P1.1、P1.0。
P1口,包含,P1.3,P1口是8位，分别为P1.7、P1.6、P1.5、P1.4、P1.3、P1.2、P1.1、P1.0。
P1口,包含,P1.2,P1口是8位，分别为P1.7、P1.6、P1.5、P1.4、P1.3、P1.2、P1.1、P1.0。
P1口,包含,P1.1,P1口是8位，分别为P1.7、P1.6、P1.5、P1.4、P1.3、P1.2、P1.1、P1.0。
P1口,包含,P1.0,P1口是8位，分别为P1.7、P1.6、P1.5、P1.4、P1.3、P1.2、P1.1、P1.0。
P2口,包含,P2.7,P2口是8位，分别为P2.7、P2.6、P2.5、P2.4、P2.3、P2.2、P2.1、P2.0。
P2口,包含,P2.6,P2口是8位，分别为P2.7、P2.6、P2.5、P2.4、P2.3、P2.2、P2.1、P2.0。
P2口,包含,P2.5,P2口是8位，分别为P2.7、P2.6、P2.5、P2.4、P2.3、P2.2、P2.1、P2.0。
P2口,包含,P2.4,P2口是8位，分别为P2.7、P2.6、P2.5、P2.4、P2.3、P2.2、P2.1、P2.0。
P2口,包含,P2.3,P2口是8位，分别为P2.7、P2.6、P2.5、P2.4、P2.3、P2.2、P2.1、P2.0。
P2口,包含,P2.2,P2口是8位，分别为P2.7、P2.6、P2.5、P2.4、P2.3、P2.2、P2.1、P2.0。
P2口,包含,P2.1,P2口是8位，分别为P2.7、P2.6、P2.5、P2.4、P2.3、P2.2、P2.1、P2.0。
P2口,包含,P2.0,P2口是8位，分别为P2.7、P2.6、P2.5、P2.4、P2.3、P2.2、P2.1、P2.0。
P3口,包含,P3.7, P3口是8位，分别为P3.7、P3.6、P3.5、P3.4、P3.3、P3.2、P3.1、P3.0。
P3口,包含,P3.6, P3口是8位，分别为P3.7、P3.6、P3.5、P3.4、P3.3、P3.2、P3.1、P3.0。
P3口,包含,P3.5, P3口是8位，分别为P3.7、P3.6、P3.5、P3.4、P3.3、P3.2、P3.1、P3.0。
P3口,包含,P3.4, P3口是8位，分别为P3.7、P3.6、P3.5、P3.4、P3.3、P3.2、P3.1、P3.0。
P3口,包含,P3.3, P3口是8位，分别为P3.7、P3.6、P3.5、P3.4、P3.3、P3.2、P3.1、P3.0。
P3口,包含,P3.2, P3口是8位，分别为P3.7、P3.6、P3.5、P3.4、P3.3、P3.2、P3.1、P3.0。
P3口,包含,P3.1, P3口是8位，分别为P3.7、P3.6、P3.5、P3.4、P3.3、P3.2、P3.1、P3.0。
P3口,包含,P3.0, P3口是8位，分别为P3.7、P3.6、P3.5、P3.4、P3.3、P3.2、P3.1、P3.0。
CPU,包含,运算器,CPU包括运算器和控制器。
CPU,包含,控制器,CPU包括运算器和控制器。
CPU,包含,中断系统, CPU还包括中断系统和部分外部特殊功能寄存器。
CPU,包含,特殊功能寄存器,CPU还包括中断系统和部分外部特殊功能寄存器。
CPU,包含,特殊功能寄存器,CPU还包括中断系统和部分外部特殊功能寄存器。
运算器,等价,ALU,运算器同义于ALU。
控制器,等价,EU,控制器同义于EU。
T/C,等价,定时计数器,T/C是两个定时/记数器。
外接晶体引脚,包含,XTAL1,外接晶体引脚分为XTAL1和XTAL2。
外接晶体引脚,包含,XTAL2,外接晶体引脚分为XTAL1和XTAL2。
XTAL1,相关,片内振荡电路反相放大器,XTAL1是片内振荡电路反相放大器输入。
XTAL2,相关,片内振荡电路反相放大器,XTAL2是片内振荡电路反相放大器输出。
CPU,连接,数据总线,CPU与其他部件间通过数据总线、地址总线、控制总线相连接。
CPU,连接,地址总线,CPU与其他部件间通过数据总线、地址总线、控制总线相连接。
CPU,连接,控制总线,CPU与其他部件间通过数据总线、地址总线、控制总线相连接。
微处理器,等价,CPU,微处理器同义于CPU。
数据存储器,等价,RAM,数据存储器同义于RAM。
程序存储器,等价,ROM,程序存储器同义于ROM。
看门狗定时器,等价,WDT,看门狗定时器同义于WDT。
特殊功能寄存器,等价,SFR,特殊功能寄存器同义于SFR。
微处理器,包含,运算器,微处理器是8位的，包括了运算器和控制器两大部分，还有面向控制的位处理功能。
微处理器,包含,控制器,微处理器是8位的，包括了运算器和控制器两大部分，还有面向控制的位处理功能。
微处理器,包含,位处理功能,微处理器是8位的，包括了运算器和控制器两大部分，还有面向控制的位处理功能。
AT89S5,包含,定时计数器,AT89S51有2个16位的定时器/计数器，定时器/计数器4种工作方式。
定时计数器,包含,定时计数器工作方式0,AT89S51有2个16位的定时器/计数器，定时器/计数器4种工作方式。
定时计数器,包含,定时计数器工作方式1,AT89S51有2个16位的定时器/计数器，定时器/计数器4种工作方式。
定时计数器,包含,定时计数器工作方式2,AT89S51有2个16位的定时器/计数器，定时器/计数器4种工作方式。
定时计数器,包含,定时计数器工作方式3,AT89S51有2个16位的定时器/计数器，定时器/计数器4种工作方式。
串行口,包含,异步串口,串行口有1个全双工的异步串口，可进行串行通信，扩展并行I/O口，还可与多个单片机构成多机通信系统。
串行口,相关,多机通信系统,串行口有1个全双工的异步串口，可进行串行通信，扩展并行I/O口，还可与多个单片机构成多机通信系统。
特殊功能寄存器,相关,片内RAM,特殊功能寄存器对片内各功能部件管理、控制和监视，是各功能件的控制寄存器和状态寄存器，映射片内RAM区80H～FFH内。
RST,相关,复位信号输入,RST为9脚，是复位信号输入，在RST加上持续时间大于2个机器周期的高电平，可使单片机复位。
EA,相关,外部程序存储器,EA是外部程序存储器访问允许控制端。
LE,相关,CPU,LE为CPU访问外部程序存储器或外部数据存储器提供地址锁存控制信号。
LE,相关,外部程序存储器,LE为CPU访问外部程序存储器或外部数据存储器提供地址锁存控制信号。
LE,相关,外部数据存储器,LE为CPU访问外部程序存储器或外部数据存储器提供地址锁存控制信号。
LE,相关,地址锁存控制信号,LE为CPU访问外部程序存储器或外部数据存储器提供地址锁存控制信号。
LE,相关,地址锁存器,LE将低8位地址锁存在片外的地址锁存器中。
引脚,类型,电源及时钟引脚,引脚按其功能可分为电源及时钟引脚、控制引脚、I/O口引脚。
引脚,类型,控制引脚,引脚按其功能可分为电源及时钟引脚、控制引脚、I/O口引脚。
引脚,类型,I/O口引脚,引脚按其功能可分为电源及时钟引脚、控制引脚、I/O口引脚。
电源及时钟引脚,类型,VCC,电源及时钟引脚有VCC、VSS、XTAL1、XTAL2。
电源及时钟引脚,类型,VSS,电源及时钟引脚有VCC、VSS、XTAL1、XTAL2。
电源及时钟引脚,类型,XTAL1,电源及时钟引脚有VCC、VSS、XTAL1、XTAL2。
电源及时钟引脚,类型,XTAL2,电源及时钟引脚有VCC、VSS、XTAL1、XTAL2。
控制引脚,类型,PSEN,控制引脚有PSEN、ALE、EA、RST（RESET）
控制引脚,类型,RST,控制引脚有PSEN、ALE、EA、RST（RESET）
控制引脚,类型,ALE,控制引脚有PSEN、ALE、EA、RST（RESET）
控制引脚,类型,EA,控制引脚有PSEN、ALE、EA、RST（RESET）
I/O口引脚,类型,P0,I/O口引脚有P0、P1、P2、P3。
I/O口引脚,类型,P1,I/O口引脚有P0、P1、P2、P3。
I/O口引脚,类型,P2,I/O口引脚有P0、P1、P2、P3。
I/O口引脚,类型,P3,I/O口引脚有P0、P1、P2、P3。
RST,相关,机器周期,RST为9脚，是复位信号输入，在RST加上持续时间大于2个机器周期的高电平，可使单片机复位。
RST,相关,复位信号,RST为9脚，是复位信号输入，在RST加上持续时间大于2个机器周期的高电平，可使单片机复位。
EA,相关,外部程序存储器,EA是外部程序存储器访问允许控制端。
LE,相关,外部程序存储器,LE为CPU访问外部程序存储器或外部数据存储器提供地址锁存控制信号。
LE,相关,外部数据存储器,LE为CPU访问外部程序存储器或外部数据存储器提供地址锁存控制信号。
LE,相关,地址锁存器,LE将低8位地址锁存在片外的地址锁存器中。
I/O接口,相关,P0口,当外扩存储器及I/O接口芯片时，P0口作为低8位地址总线及数据总线的分时复用端口。
P0口,相关,地址总线,当外扩存储器及I/O接口芯片时，P0口作为低8位地址总线及数据总线的分时复用端口。
P0口,相关,数据总线,当外扩存储器及I/O接口芯片时，P0口作为低8位地址总线及数据总线的分时复用端口。
P0口,等价,I/O口,P0口也可作通用的I/O口用，需加上拉电阻，这时为准双向口。
P1口,包含,P1.7,P1口是P1.7~ P1.0脚，是准双向I/O口，内有上拉电阻。
P1口,包含,P1.6,P1口是P1.7~ P1.0脚，是准双向I/O口，内有上拉电阻。
P1口,包含,P1.5,P1口是P1.7~ P1.0脚，是准双向I/O口，内有上拉电阻。
P1口,包含,P1.4,P1口是P1.7~ P1.0脚，是准双向I/O口，内有上拉电阻。
P1口,包含,P1.3,P1口是P1.7~ P1.0脚，是准双向I/O口，内有上拉电阻。
P1口,包含,P1.2,P1口是P1.7~ P1.0脚，是准双向I/O口，内有上拉电阻。
P1口,包含,P1.1,P1口是P1.7~ P1.0脚，是准双向I/O口，内有上拉电阻。
P1口,包含,P1.0,P1口是P1.7~ P1.0脚，是准双向I/O口，内有上拉电阻。
P2口,包含,P2.7,P2口是P2.7~ P2.0脚，是准双向I/O口。P2口具有内部上拉电阻。
P2口,包含,P2.6,P2口是P2.7~ P2.0脚，是准双向I/O口。P2口具有内部上拉电阻。
P2口,包含,P2.5,P2口是P2.7~ P2.0脚，是准双向I/O口。P2口具有内部上拉电阻。
P2口,包含,P2.4,P2口是P2.7~ P2.0脚，是准双向I/O口。P2口具有内部上拉电阻。
P2口,包含,P2.3,P2口是P2.7~ P2.0脚，是准双向I/O口。P2口具有内部上拉电阻。
P2口,包含,P2.2,P2口是P2.7~ P2.0脚，是准双向I/O口。P2口具有内部上拉电阻。
P2口,包含,P2.1,P2口是P2.7~ P2.0脚，是准双向I/O口。P2口具有内部上拉电阻。
P2口,包含,P2.0,P2口是P2.7~ P2.0脚，是准双向I/O口。P2口具有内部上拉电阻。
外部存储器,相关,P2口,当AT89S51扩展外部存储器时，P2口作为高8位地址总线输出高8位地址。
外部存储器,相关,地址总线,当AT89S51扩展外部存储器时，P2口作为高8位地址总线输出高8位地址。
P2口,相关,地址总线,当AT89S51扩展外部存储器时，P2口作为高8位地址总线输出高8位地址。
P3口,包含,P3.7,P3口是P3.7~ P3.0脚，是准双向I/O口。P3口具有内部上拉电阻。
P3口,包含,P3.6,P3口是P3.7~ P3.0脚，是准双向I/O口。P3口具有内部上拉电阻。
P3口,包含,P3.5,P3口是P3.7~ P3.0脚，是准双向I/O口。P3口具有内部上拉电阻。
P3口,包含,P3.4,P3口是P3.7~ P3.0脚，是准双向I/O口。P3口具有内部上拉电阻。
P3口,包含,P3.3,P3口是P3.7~ P3.0脚，是准双向I/O口。P3口具有内部上拉电阻。
P3口,包含,P3.2,P3口是P3.7~ P3.0脚，是准双向I/O口。P3口具有内部上拉电阻。
P3口,包含,P3.1,P3口是P3.7~ P3.0脚，是准双向I/O口。P3口具有内部上拉电阻。
P3口,包含,P3.0,P3口是P3.7~ P3.0脚，是准双向I/O口。P3口具有内部上拉电阻。
P0口,相关,通用I/O,P0口作为总线口时，为双向口，作通用I/O用时，为准双向口。
P3.7,相关,RD,P3.7的第二功能是RD，是外部数据存储器的读选通输出。
P3.6,相关,WR,P3.6的第二功能是WR，是外部数据存储器的写选通输出。
P3.5,相关,T1,P3.5的第二功能是T1，是定时器1外部计数的输入。
P3.4,相关,T0,P3.4的第二功能是T0，是定时器0外部计数的输入。
P3.3,相关,INT1,P3.3的第二功能是INT1，是外部中断1的输入。
P3.2,相关,INT0,P3.2的第二功能是INT0，是外部中断0的输入。
P3.1,相关,TXD,P3.1的第二功能是TXD，是串行数据的输出口。
P3.0,相关,RXD,P3.0的第二功能是RXD，是串行数据的输入口。
运算器,相关,算术,运算器能够对操作数进行算术、逻辑和位操作运算。运算器主要包括算术逻辑运算单元ALU、累加器A、位处理器、程序状态字寄存器PSW及两个暂存器等。
运算器,相关,位操作运算,运算器能够对操作数进行算术、逻辑和位操作运算。运算器主要包括算术逻辑运算单元ALU、累加器A、位处理器、程序状态字寄存器PSW及两个暂存器等。
运算器,相关,算术逻辑运算单元,运算器能够对操作数进行算术、逻辑和位操作运算。运算器主要包括算术逻辑运算单元ALU、累加器A、位处理器、程序状态字寄存器PSW及两个暂存器等。
运算器,相关,ALU,运算器能够对操作数进行算术、逻辑和位操作运算。运算器主要包括算术逻辑运算单元ALU、累加器A、位处理器、程序状态字寄存器PSW及两个暂存器等。
运算器,相关,累加器,运算器能够对操作数进行算术、逻辑和位操作运算。运算器主要包括算术逻辑运算单元ALU、累加器A、位处理器、程序状态字寄存器PSW及两个暂存器等。
运算器,相关,A,运算器能够对操作数进行算术、逻辑和位操作运算。运算器主要包括算术逻辑运算单元ALU、累加器A、位处理器、程序状态字寄存器PSW及两个暂存器等。
运算器,相关,位处理器,运算器能够对操作数进行算术、逻辑和位操作运算。运算器主要包括算术逻辑运算单元ALU、累加器A、位处理器、程序状态字寄存器PSW及两个暂存器等。
运算器,相关,程序状态字寄存器,运算器能够对操作数进行算术、逻辑和位操作运算。运算器主要包括算术逻辑运算单元ALU、累加器A、位处理器、程序状态字寄存器PSW及两个暂存器等。
运算器,相关,PSW器,运算器能够对操作数进行算术、逻辑和位操作运算。运算器主要包括算术逻辑运算单元ALU、累加器A、位处理器、程序状态字寄存器PSW及两个暂存器等。
运算器,相关,暂存器,运算器能够对操作数进行算术、逻辑和位操作运算。运算器主要包括算术逻辑运算单元ALU、累加器A、位处理器、程序状态字寄存器PSW及两个暂存器等。
算术逻辑运算单元,相关,算术运算,算术逻辑运算单元ALU可对8位变量进行逻辑运算，还可以算术运算。
ALU,相关,算术运算,算术逻辑运算单元ALU可对8位变量进行逻辑运算，还可以算术运算。
ALU,相关,位操作,ALU还有位操作功能。
累加器,相关,CPU,累加器A是CPU中的一个8位寄存器。
累加器,相关,ALU,累加器A是ALU单元的输入数据源之一。
程序状态字寄存器,等价,PSW,程序状态字寄存器PSW位于片内特殊功能寄存器区。
程序状态字寄存器,相关,片内特殊功能寄存器区,程序状态字寄存器PSW位于片内特殊功能寄存器区。
PSW,相关,片内特殊功能寄存器区,程序状态字寄存器PSW位于片内特殊功能寄存器区。
PSW,位标志,Cy,PSW的格式为Cy、Ac、F0、RS1、RS0、OV、-、P。
PSW,位标志,Ac,PSW的格式为Cy、Ac、F0、RS1、RS0、OV、-、P。
PSW,位标志,F0,PSW的格式为Cy、Ac、F0、RS1、RS0、OV、-、P。
PSW,位标志,RS1,PSW的格式为Cy、Ac、F0、RS1、RS0、OV、-、P。
PSW,位标志,RS0,PSW的格式为Cy、Ac、F0、RS1、RS0、OV、-、P。
PSW,位标志,OV,PSW的格式为Cy、Ac、F0、RS1、RS0、OV、-、P。
PSW,位标志,P,PSW的格式为Cy、Ac、F0、RS1、RS0、OV、-、P。
Cy,相关,逻辑运算,Cy在算术和逻辑运算时，若有进位或者借位，Cy＝1；否则，Cy＝0。
Cy,相关,算术运算,Cy在算术和逻辑运算时，若有进位或者借位，Cy＝1；否则，Cy＝0。
RS1,相关,工作寄存器区,RS1（PSW.4）和RS0（PSW.3）是4组工作寄存器区选择。
RS0,相关,工作寄存器区,RS1（PSW.4）和RS0（PSW.3）是4组工作寄存器区选择。
RS0,相关,片内RAM,RS1和RS0能够选择片内RAM区中的4组工作寄存器区中的某一组为当前工作寄存区。
RS1,相关,片内RAM,RS1和RS0能够选择片内RAM区中的4组工作寄存器区中的某一组为当前工作寄存区。
OV,相关,溢出标志位,OV（PSW.2）是溢出标志位。
控制器,包含,程序计数器,控制器包括：程序计数器、指令寄存器、指令译码器、定时及控制逻辑电路等。
控制器,包含,指令寄存器,控制器包括：程序计数器、指令寄存器、指令译码器、定时及控制逻辑电路等。
控制器,包含,指令译码器,控制器包括：程序计数器、指令寄存器、指令译码器、定时及控制逻辑电路等。
控制器,包含,定时及控制逻辑电路,控制器包括：程序计数器、指令寄存器、指令译码器、定时及控制逻辑电路等。
存储器空间,包含,程序存储器空间,存储器空间可分为4类，分别是程序存储器空间、数据存储器空间、特殊功能寄存器SFR、位地址空间。
存储器空间,包含,数据存储器空间,存储器空间可分为4类，分别是程序存储器空间、数据存储器空间、特殊功能寄存器SFR、位地址空间。
存储器空间,包含,特殊功能寄存器,存储器空间可分为4类，分别是程序存储器空间、数据存储器空间、特殊功能寄存器SFR、位地址空间。
存储器空间,包含,位地址空间,存储器空间可分为4类，分别是程序存储器空间、数据存储器空间、特殊功能寄存器SFR、位地址空间。
特殊功能寄存器,等价,SFR,存储器空间可分为4类，分别是程序存储器空间、数据存储器空间、特殊功能寄存器SFR、位地址空间。
程序存储器空间,类型,片内程序存储器,程序存储器空间有片内程序存储器、片外程序存储器两部分。
程序存储器空间,类型,片外程序存储器,程序存储器空间有片内程序存储器、片外程序存储器两部分。
数据存储器空间,类型,片外数据存储器空间,数据存储器空间有片内数据存储器空间、片外数据存储器空间两部分。
数据存储器空间,类型,片内数据存储器空间,数据存储器空间有片内数据存储器空间、片外数据存储器空间两部分。
特殊功能寄存器,相关,单片机,特殊功能寄存器SFR的实质是各外围部件的控制寄存器及状态寄存器，综合反映单片机内部实际的工作状态及工作方式。
特殊功能寄存器,相关,状态寄存器,特殊功能寄存器SFR的实质是各外围部件的控制寄存器及状态寄存器，综合反映单片机内部实际的工作状态及工作方式。
特殊功能寄存器,相关,控制寄存器,特殊功能寄存器SFR的实质是各外围部件的控制寄存器及状态寄存器，综合反映单片机内部实际的工作状态及工作方式。
特殊功能寄存器,等价,SFR,特殊功能寄存器SFR的实质是各外围部件的控制寄存器及状态寄存器，综合反映单片机内部实际的工作状态及工作方式。
位地址,相关,寻址位,位地址空间共211个可寻址位，构成了位地址空间。
位地址空间,相关,RAM,位地址空间位于内部RAM和特殊功能寄存器区中。
位地址空间,相关,特殊功能寄存器区,位地址空间位于内部RAM和特殊功能寄存器区中。
数据存储器,类型,片内数据存储器,数据存储器分为片内数据存储器与片外数据存储器两部分。
数据存储器,类型,片外数据存储器,数据存储器分为片内数据存储器与片外数据存储器两部分。
特殊功能寄存器,相关,片内RAM,特殊功能寄存器映射在片内RAM 80H～FFH 区域中，共26个。
位地址空间,相关,片内RAM,位地址空间有211个寻址位，位地址为00H～FFH，其中 00H～7FH 128位处于片内RAM中，其余83个可寻址位分布在特殊功能寄存器SFR中。
位地址空间,相关,特殊功能寄存器,位地址空间有211个寻址位，位地址为00H～FFH，其中 00H～7FH 128位处于片内RAM中，其余83个可寻址位分布在特殊功能寄存器SFR中。
位地址空间,相关,SFR,位地址空间有211个寻址位，位地址为00H～FFH，其中 00H～7FH 128位处于片内RAM中，其余83个可寻址位分布在特殊功能寄存器SFR中。
P3口,相关,引脚第二功能,P3口的每一位都可分别定义为引脚第二功能输入或引脚第二功能输出。
时钟频率,相关,单片机,时钟频率直接影响单片机的速度。
时钟电路质量,相关,单片机,时钟电路质量影响单片机系统的稳定性。
时钟电路,类型,内部时钟,常用的时钟电路有两种方式，一种是内部时钟方式，另一种是外部时钟方式。
时钟电路,类型,外部时钟,常用的时钟电路有两种方式，一种是内部时钟方式，另一种是外部时钟方式。
机器周期,相关,CPU,机器周期是CPU完成一个基本操作所需时间。
时钟周期,相关,机器周期,每12个时钟周期为1个机器周期。
低功耗节电工作模式,类型,空闲模式,两种低功耗节电工作模式为空闲模式和掉电保持模式。
低功耗节电工作模式,类型,掉电保持模式,两种低功耗节电工作模式为空闲模式和掉电保持模式。
程序设计语言,包含,C51语言,C51语言是近年来普遍使用的程序设计语言。
C51语言,相关,8051汇编语言,C51语言比8051汇编语言可读性更好。
C51语言,相关,8051汇编语言,C51语言比8051汇编语言可移植性好。
C51语言,相关,8051汇编语言,C51语言与8051汇编语言生成的代码效率高。
C51语言,相关,标准C,C51语言的基本语法与标准C相同，是在标准C的基础上进行的扩展。
C51语言,相关,标准C语言,C51语言与标准C语言的数据类型有一定区别。
C51语言,相关,标准C语言,C51语言与标准C语言的变量存储模式数据不一样。
C51语言,相关,标准C语言,C51语言与标准C语言的头文件不同。
单片机,相关,内部数据存储区,8051单片机的存储区可分为内部数据存储区、外部数据存储区以及程序存储区。
单片机,相关,外部数据存储区,8051单片机的存储区可分为内部数据存储区、外部数据存储区以及程序存储区。
单片机,相关,程序存储区,8051单片机的存储区可分为内部数据存储区、外部数据存储区以及程序存储区。
内部数据存储区,并列,程序存储区,8051单片机的存储区可分为内部数据存储区、外部数据存储区以及程序存储区。
外部数据存储区,并列,程序存储区,8051单片机的存储区可分为内部数据存储区、外部数据存储区以及程序存储区。
内部数据存储区,并列,外部数据存储区,8051单片机的存储区可分为内部数据存储区、外部数据存储区以及程序存储区。
C51存储类型,类型,data,内部数据存储区可分为3个不同的C51存储类型：data、idata和bdata。
C51存储类型,类型,idata,内部数据存储区可分为3个不同的C51存储类型：data、idata和bdata。
C51存储类型,类型,xdata,内部数据存储区可分为3个不同的C51存储类型：data、idata和bdata。
C51存储类型,类型,pdata,外部数据存储区分为2个不同的C51存储类型：xdata和pdata。
数据类型,扩展,位变量,C51在标准C基础上，扩展了4种数据类型，分别是位变量bit、特殊功能寄存器sfr、特殊功能寄存器sfr16、特殊功能位sbit。
数据类型,扩展,特殊功能寄存器,C51在标准C基础上，扩展了4种数据类型，分别是位变量bit、特殊功能寄存器sfr、特殊功能寄存器sfr16、特殊功能位sbit。
数据类型,扩展,特殊功能位,C51在标准C基础上，扩展了4种数据类型，分别是位变量bit、特殊功能寄存器sfr、特殊功能寄存器sfr16、特殊功能位sbit。
数据类型,扩展,位变量,C51在标准C基础上，扩展了4种数据类型，分别是位变量bit、特殊功能寄存器sfr、特殊功能寄存器sfr16、特殊功能位sbit。
位变量,等价,bit,C51在标准C基础上，扩展了4种数据类型，分别是位变量bit、特殊功能寄存器sfr、特殊功能寄存器sfr16、特殊功能位sbit。
特殊功能位,等价,sbit,C51在标准C基础上，扩展了4种数据类型，分别是位变量bit、特殊功能寄存器sfr、特殊功能寄存器sfr16、特殊功能位sbit。
sbit,相关,特殊功能寄存器,sbit是指AT89S51片内特殊功能寄存器的可寻址位。
C51语言存储区,类型,DATA,C51语言存储区有DATA、BDATA、IDATA、XDATA、PDATA、CODE。
C51语言存储区,类型,IDATA,C51语言存储区有DATA、BDATA、IDATA、XDATA、PDATA、CODE。
C51语言存储区,类型,BDATA,C51语言存储区有DATA、BDATA、IDATA、XDATA、PDATA、CODE。
C51语言存储区,类型,XDATA,C51语言存储区有DATA、BDATA、IDATA、XDATA、PDATA、CODE。
C51语言存储区,类型,PDATA,C51语言存储区有DATA、BDATA、IDATA、XDATA、PDATA、CODE。
C51语言存储区,类型,CODE,C51语言存储区有DATA、BDATA、IDATA、XDATA、PDATA、CODE。
DATA,相关,data,DATA的存储类型为data，与存储空间的对应关系为片内RAM直接寻址区，位于片内RAM的低128字节。
BDATA,相关,bdata,BDATA的存储类型为bdata，与存储空间的对应关系为片内RAM位寻址区，位于20H~2FH空间。
IDATA,相关,idata,IDATA的存储类型为idata，与存储空间的对应关系为片内RAM的256字节，必须间接寻址的存储区。
XDATA,相关,xdata,XDATA的存储类型为xdata，与存储空间的对应关系为片外64KB的RAM空间，使用@DPTR间接寻址。
PDATA,相关,pdata,PDATA的存储类型为pdata，与存储空间的对应关系为片外RAM的256字节，使用@Ri间接寻址。
CODE,相关,code,CODE的存储类型为code与存储空间的对应关系为程序存储区，使用DPTR寻址。
IDATA,相关,指针,IDATA区使用寄存器作为指针来对片内RAM进行间接寻址。
指针,相关,间接寻址,IDATA区使用寄存器作为指针来对片内RAM进行间接寻址。
指针,相关,片内RAM,IDATA区使用寄存器作为指针来对片内RAM进行间接寻址。
片内RAM,包含,特殊功能寄存器,特殊功能寄存器分布在片内RAM高128字节中，只能采用直接寻址方式。
特殊功能寄存器,相关,直接寻址,特殊功能寄存器分布在片内RAM高128字节中，只能采用直接寻址方式。
特殊功能寄存器,相关,头文件,8051单片机的特殊功能寄存器可通过头文件来访问。
访问绝对地址,包含,宏,C51常用的访问绝对地址的方法是绝对宏和_at_关键字。
访问绝对地址,包含,.at.,C51常用的访问绝对地址的方法是绝对宏和_at_关键字。
absacc.h头文件声明的宏,包含,CBYTE,absacc.h头文件声明的宏包括CBYTE、CWORD、DBYTE、DWORD、XBYTE、XWORD、PBYTE、PWORD。
absacc.h头文件声明的宏,包含,CWORD,absacc.h头文件声明的宏包括CBYTE、CWORD、DBYTE、DWORD、XBYTE、XWORD、PBYTE、PWORD。
absacc.h头文件声明的宏,包含,DBYTE,absacc.h头文件声明的宏包括CBYTE、CWORD、DBYTE、DWORD、XBYTE、XWORD、PBYTE、PWORD。
absacc.h头文件声明的宏,包含,DWORD,absacc.h头文件声明的宏包括CBYTE、CWORD、DBYTE、DWORD、XBYTE、XWORD、PBYTE、PWORD。
absacc.h头文件声明的宏,包含,XBYTE,absacc.h头文件声明的宏包括CBYTE、CWORD、DBYTE、DWORD、XBYTE、XWORD、PBYTE、PWORD。
absacc.h头文件声明的宏,包含,XWORD,absacc.h头文件声明的宏包括CBYTE、CWORD、DBYTE、DWORD、XBYTE、XWORD、PBYTE、PWORD。
absacc.h头文件声明的宏,包含,PBYTE,absacc.h头文件声明的宏包括CBYTE、CWORD、DBYTE、DWORD、XBYTE、XWORD、PBYTE、PWORD。
absacc.h头文件声明的宏,包含,PWORD,absacc.h头文件声明的宏包括CBYTE、CWORD、DBYTE、DWORD、XBYTE、XWORD、PBYTE、PWORD。
CBYTE,相关,code,CBYTE以字节形式对code区寻址。
CWORD,相关,code,CWORD以字形式对code区寻址。
DBYTE,相关,data,DBYTE以字节形式对data区寻址。
DWORD,相关,data,DWORD以字形式对data区寻址。
XBYTE,相关,xdata,XBYTE以字节形式对xdata区寻址。
XWORD,相关,xdata,XWORD以字形式对xdata区寻址。
PBYTE,相关,pdata,PBYTE以字节形式对pdata区寻址。
PWORD,相关,pdata,PWORD以字形式对pdata区寻址。
.at.,相关,绝对地址访问,关键字_at_可对指定的存储器空间的绝对地址访问。
C51基本运算,类型,算术运算,C51基本运算主要包括算术运算、关系运算、逻辑运算、位运算和赋值运算及其表达式等。
C51基本运算,类型,关系运算,C51基本运算主要包括算术运算、关系运算、逻辑运算、位运算和赋值运算及其表达式等。
C51基本运算,类型,逻辑运算,C51基本运算主要包括算术运算、关系运算、逻辑运算、位运算和赋值运算及其表达式等。
C51基本运算,类型,位运算,C51基本运算主要包括算术运算、关系运算、逻辑运算、位运算和赋值运算及其表达式等。
C51基本运算,类型,赋值运算,C51基本运算主要包括算术运算、关系运算、逻辑运算、位运算和赋值运算及其表达式等。
算术运算,类型,加法运算,算术运算包括加法运算、减法运算、乘法运算、除法运算、取余数运算、自增1、自减1。
算术运算,类型,减法运算,算术运算包括加法运算、减法运算、乘法运算、除法运算、取余数运算、自增1、自减1。
算术运算,类型,乘法运算,算术运算包括加法运算、减法运算、乘法运算、除法运算、取余数运算、自增1、自减1。
算术运算,类型,除法运算,算术运算包括加法运算、减法运算、乘法运算、除法运算、取余数运算、自增1、自减1。
算术运算,类型,取余数运算,算术运算包括加法运算、减法运算、乘法运算、除法运算、取余数运算、自增1、自减1。
算术运算,类型,自增1,算术运算包括加法运算、减法运算、乘法运算、除法运算、取余数运算、自增1、自减1。
算术运算,类型,自减1,算术运算包括加法运算、减法运算、乘法运算、除法运算、取余数运算、自增1、自减1。
加法运算,等价,+,加法运算是+。
减法运算,等价,-,减法运算是-。
乘法运算,等价,*,乘法运算是*。
除法运算,等价,/,除法运算是/。
取余数运算,等价,%,取余数运算是%。
自增1,等价,++,自增1是++。
自减1,等价,--,自减1是--。
逻辑运算,包含,逻辑与,逻辑运算包括逻辑与、逻辑或、逻辑非。
逻辑运算,包含,逻辑或,逻辑运算包括逻辑与、逻辑或、逻辑非。
逻辑运算,包含,逻辑非,逻辑运算包括逻辑与、逻辑或、逻辑非。
逻辑与,等价,&&,逻辑与是&&。
逻辑或,等价,||,逻辑或是||。
逻辑非,等价,！,逻辑非是！。
关系运算符,包含,大于,关系运算符包括大于、小于、大于等于、小于等于、等于、不等于。
关系运算符,包含,小于,关系运算符包括大于、小于、大于等于、小于等于、等于、不等于。
关系运算符,包含,大于等于,关系运算符包括大于、小于、大于等于、小于等于、等于、不等于。
关系运算符,包含,小于等于,关系运算符包括大于、小于、大于等于、小于等于、等于、不等于。
关系运算符,包含,等于,关系运算符包括大于、小于、大于等于、小于等于、等于、不等于。
关系运算符,包含,不等于,关系运算符包括大于、小于、大于等于、小于等于、等于、不等于。
大于,等价,>,大于是>。
小于,等价,<,小于是<。
大于等于,等价,>=,大于等于是>=。
小于等于,等价,<=,小于等于是<=。
等于,等价,==,等于是==。
不等于,等价,！=,不等于是！=。
位运算符,包含,按位逻辑与,位运算符包括按位逻辑与、按位逻辑或、按位异或、按位取反、按位左移、按位右移。
位运算符,包含,按位逻辑或,位运算符包括按位逻辑与、按位逻辑或、按位异或、按位取反、按位左移、按位右移。
位运算符,包含,按位异或,位运算符包括按位逻辑与、按位逻辑或、按位异或、按位取反、按位左移、按位右移。
位运算符,包含,按位取反,位运算符包括按位逻辑与、按位逻辑或、按位异或、按位取反、按位左移、按位右移。
位运算符,包含,按位左移,位运算符包括按位逻辑与、按位逻辑或、按位异或、按位取反、按位左移、按位右移。
位运算符,包含,按位右移,位运算符包括按位逻辑与、按位逻辑或、按位异或、按位取反、按位左移、按位右移。
按位逻辑与,等价,&,按位逻辑与是&。
按位逻辑或,等价,|,按位逻辑或是|。
按位异或,等价,^,按位异或是^。
按位取反,等价,~,按位取反是~。
按位左移,等价,<<,按位左移是<<。
按位右移,等价,>>,按位右移是>>。
C51程序结构,类型,顺序结构,C51程序结构可分为3类，即顺序结构、分支结构和循环结构。
C51程序结构,类型,分支结构,C51程序结构可分为3类，即顺序结构、分支结构和循环结构。
C51程序结构,类型,循环结构,C51程序结构可分为3类，即顺序结构、分支结构和循环结构。
分支控制语句,包含,if语句,分支控制语句有：if语句和switch语句。
分支控制语句,包含,switch语句,分支控制语句有：if语句和switch语句。
循环结构语句,包含,while语句,循环结构语句有：while语句、do-while语句和for语句。
循环结构语句,包含,do-while语句,循环结构语句有：while语句、do-while语句和for语句。
循环结构语句,包含,for语句,循环结构语句有：while语句、do-while语句和for语句。
数组,类型,一维数组,数组有一维数组、二维数组、三维数组、字符数组、多维数组之分。
数组,类型,二维数组,数组有一维数组、二维数组、三维数组、字符数组、多维数组之分。
数组,类型,三维数组,数组有一维数组、二维数组、三维数组、字符数组、多维数组之分。
数组,类型,字符数组,数组有一维数组、二维数组、三维数组、字符数组、多维数组之分。
数组,类型,多维数组,数组有一维数组、二维数组、三维数组、字符数组、多维数组之分。
指针,类型,存储器的指针,C51支持基于存储器指针和一般指针两种指针类型。
指针,类型,一般指针,C51支持基于存储器指针和一般指针两种指针类型。
函数,类型,主函数,C51语言函数可分为主函数main()和普通函数两种。
函数,类型,普通函数,C51语言函数可分为主函数main()和普通函数两种。
主函数,等价,main(),C51语言函数可分为主函数main()和普通函数两种。
普通函数,类型,标准库函数,普通函数又划分为两种：标准库函数和用户自定义函数。
普通函数,类型,用户自定义函数,普通函数又划分为两种：标准库函数和用户自定义函数。
用户自定义函数,类型,无参函数,用户自定义函数分为：无参函数、有参函数和空函数。
用户自定义函数,类型,有参函数,用户自定义函数分为：无参函数、有参函数和空函数。
用户自定义函数,类型,空函数,用户自定义函数分为：无参函数、有参函数和空函数。
函数的参数,类型,形式参数,函数的参数包括形式参数和实际参数。
函数的参数,类型,实际参数,函数的参数包括形式参数和实际参数。
变量,类型,局部变量,变量分为局部变量和全局变量。
变量,类型,全局变量,变量分为局部变量和全局变量。
存储区间,类型,程序存储区,单片机的存储区间，可以分为程序存储区、静态存储区和动态存储区3个部分。
存储区间,类型,静态存储区,单片机的存储区间，可以分为程序存储区、静态存储区和动态存储区3个部分。
存储区间,类型,动态存储区,单片机的存储区间，可以分为程序存储区、静态存储区和动态存储区3个部分。
数据,相关,动态存储区,数据存放在静态存储区或动态存储区。
数据,相关,静态存储区,数据存放在静态存储区或动态存储区。
全局变量,相关,静态存储区,全局变量存放在静态存储区，在程序开始运行时，给全局变量分配存储空间。
局部变量,相关,动态存储区,局部变量存放在动态存储区，在进入拥有该变量的函数时，给这些变量分配存储间。
局部变量,包含,宏定义,C51程序设计中要经常用到宏定义、文件包含与条件编译。
局部变量,包含,文件包含,C51程序设计中要经常用到宏定义、文件包含与条件编译。
局部变量,包含,条件编译,C51程序设计中要经常用到宏定义、文件包含与条件编译。
宏定义,类型,简单的宏定义,宏定义分为简单的宏定义和带参数的宏定义。
宏定义,类型,带参数的宏定义,宏定义分为简单的宏定义和带参数的宏定义。
P1,相关,发光二极管,单片机并行端口P1、P2、P3直接驱动发光二极管。
P2,相关,发光二极管,单片机并行端口P1、P2、P3直接驱动发光二极管。
P3,相关,发光二极管,单片机并行端口P1、P2、P3直接驱动发光二极管。
LED数码管,相关,发光二极管,LED数码管是8字型，包括小数点有8段，每段对应一个发光二极管，共阳极和共阴极两种。
LED数码管显示方式,类型,静态显示,LED数码管有两种显示方式，分别是静态显示和动态显示。
静态显示方式,相关,I/O口,静态显示方式占用I/O口端口线较多。
动态显示,相关,I/O口,动态显示实质是以执行程序时间来换取I/O端口减少。
LED点阵,相关,LED,LED点阵显示原理是显示的字符由一个个点亮的LED所构成。
LCD1602显示器,包含,字段型LCD1602显示,单片机控制液晶显示LCD1602显示器分为字段型LCD1602显示、字符型LCD1602显示和点阵图形型LCD1602显示。
LCD1602显示器,包含,字符型LCD1602显示,单片机控制液晶显示LCD1602显示器分为字段型LCD1602显示、字符型LCD1602显示和点阵图形型LCD1602显示。
LCD1602显示器,包含,点阵图形型LCD1602显示,单片机控制液晶显示LCD1602显示器分为字段型LCD1602显示、字符型LCD1602显示和点阵图形型LCD1602显示。
键盘,类型,非编码键盘,键盘主要分为两类：非编码键盘和编码键盘。
键盘,类型,编码键盘,键盘主要分为两类：非编码键盘和编码键盘。
非编码键盘,类型,独立式键盘,非编码键盘常见的有：独立式键盘和矩阵式键盘两种结构。
非编码键盘,类型,矩阵式键盘,非编码键盘常见的有：独立式键盘和矩阵式键盘两种结构。
键盘扫描工作方式,类型,查询扫描,键盘扫描工作方式有3种：查询扫描、定时扫描和中断扫描。
键盘扫描工作方式,类型,定时扫描,键盘扫描工作方式有3种：查询扫描、定时扫描和中断扫描。
键盘扫描工作方式,类型,中断扫描,键盘扫描工作方式有3种：查询扫描、定时扫描和中断扫描。
INT0,等价,外部中断请求0,INT0即外部中断请求0。
INT0,位标志,IE0,INT0的中断请求标志为IE0。
INT1,等价,外部中断请求1,INT1即外部中断请求1。
INT1,位标志,IE1,INT1的中断请求标志为IE1。
定时计数器T0,位标志,TF0,定时计数器T0计数溢出的中断请求标志为TF0。
中断源,相关,中断优先级,中断源有两个中断优先级，每一个中断请求源可由软件设置为高优先级中断或低优先级中断，也可实现两级中断嵌套。
中断源,相关,中断嵌套,中断源有两个中断优先级，每一个中断请求源可由软件设置为高优先级中断或低优先级中断，也可实现两级中断嵌套。
中断优先级,相关,中断嵌套,中断源有两个中断优先级，每一个中断请求源可由软件设置为高优先级中断或低优先级中断，也可实现两级中断嵌套。
外部中断触发方式,类型,电平触发方式,外部中断触发方式有两种：电平触发方式和跳沿触发方式。
外部中断触发方式,类型,跳沿触发方式,外部中断触发方式有两种：电平触发方式和跳沿触发方式。
定时器,相关,机器周期,定时器模式是对机器周期计数。
定时计数器工作方式,类型,定时计数器工作方式0,定时计数器工作方式有4种，即定时计数器工作方式0、定时计数器工作方式1、定时计数器工作方式2和定时计数器工作方式3。
定时计数器工作方式,类型,定时计数器工作方式1,定时计数器工作方式有4种，即定时计数器工作方式0、定时计数器工作方式1、定时计数器工作方式2和定时计数器工作方式3。
定时计数器工作方式,类型,定时计数器工作方式2,定时计数器工作方式有4种，即定时计数器工作方式0、定时计数器工作方式1、定时计数器工作方式2和定时计数器工作方式3。
定时计数器工作方式,类型,定时计数器工作方式3,定时计数器工作方式有4种，即定时计数器工作方式0、定时计数器工作方式1、定时计数器工作方式2和定时计数器工作方式3。
特殊功能寄存器,控制,定时计数器T0,特殊功能寄存器TMOD用于选择定时计数器T0、定时计数器T1的工作模式和工作方式。
特殊功能寄存器,控制,定时计数器T1,特殊功能寄存器TMOD用于选择定时计数器T0、定时计数器T1的工作模式和工作方式。
串口工作方式,类型,串口工作方式0,串口工作方式有4种：串口工作方式0、串口工作方式1、串口工作方式2、串口工作方式3。
串口工作方式,类型,串口工作方式1,串口工作方式有4种：串口工作方式0、串口工作方式1、串口工作方式2、串口工作方式3。
串口工作方式,类型,串口工作方式2,串口工作方式有4种：串口工作方式0、串口工作方式1、串口工作方式2、串口工作方式3。
串口工作方式,类型,串口工作方式3,串口工作方式有4种：串口工作方式0、串口工作方式1、串口工作方式2、串口工作方式3。
波特率,相关,串口,波特率的定义是串口每秒钟发送或接收的位数称为波特率。
定时计数器工作方式,相关,波特率,对于不同的定时计数器工作方式，得到的波特率的范围是不一样的。
I/O数据传送方式,包含,同步传送,I/O数据传送方式有：同步传送、异步传送和中断传送。
I/O数据传送方式,包含,异步传送,I/O数据传送方式有：同步传送、异步传送和中断传送。
I/O数据传送方式,包含,中断传送,I/O数据传送方式有：同步传送、异步传送和中断传送。
ADC,等价,AD转换器,实现模拟量转换成数字量的器件称为ADC，即AD转换器。
DAC,等价,DA转换器,数字量转换成模拟量的器件称为DAC，即DA转换器。
内部数据存储区,并列,程序存储区,8051 单片机的存储区可分为内部数据存储区、外部数据存储区以及程序存储区。
外部数据存储区,并列,程序存储区,8051 单片机的存储区可分为内部数据存储区、外部数据存储区以及程序存储区。
C51存储类型,类型,data,内部数据存储区可分为 3 个不同的 C51 存储类型：data、idata 和 bdata。
C51存储类型,类型,pdata,外部数据存储区分为 2 个不同的 C51 存储类型：xdata 和 pdata。
数据类型,扩展,特殊功能寄存器,C51 在标准 C 基础上，扩展了 4 种数据类型，分别是位变量 bit、特殊功能寄存器 sfr、特殊功能寄存器 sfr16、特殊功能位 sbit。
数据类型,扩展,位变量,C51 在标准 C 基础上，扩展了 4 种数据类型，分别是位变量 bit、特殊功能寄存器 sfr、特殊功能寄存器 sfr16、特殊功能位 sbit。
特殊功能寄存器,相关,头文件,8051 单片机的特殊功能寄存器可通过头文件来访问。
PSW,位标志,OV,PSW 的格式为 Cy、Ac、F0、RS1、RS0、OV、 -、P。
位变量,等价,bit,C51 在标准 C 基础上，扩展了 4 种数据类型，分别是位变量 bit、特殊功能寄存器 sfr、特殊功能寄存器 sfr16、特殊功能位 sbit。
sbit,相关,特殊功能寄存器,sbit 是指 AT89S51 片内特殊功能寄存器的可寻址位。
C51,相关,8051单片机,C51 定义的数据类型需定位在 8051 单片机存储区中。
数据类型,相关,存储类型,讨论 C51 数据类型时需提及存储类型。
数据类型,相关,8051单片机存储器结构,C51 定义的数据类型与 8051 单片机存储器结构相关。
8051单片机,包含,片内数据存储区,8051 单片机包含片内数据存储区、片外数据存储区、程序存储区。
8051单片机,包含,片外数据存储区,8051 单片机包含片内数据存储区、片外数据存储区、程序存储区。
8051单片机,包含,程序存储区,8051 单片机包含片内数据存储区、片外数据存储区、程序存储区。
片内数据存储区,类型,data,内部数据存储区可分为 data、idata 和 bdata 三种类型。
片内数据存储区,类型,idata,内部数据存储区可分为 data、idata 和 bdata 三种类型。
片内数据存储区,类型,bdata,内部数据存储区可分为 data、idata 和 bdata 三种类型。
片外数据存储区,类型,xdata,C51 提供 xdata 和 pdata 来访问片外数据存储区。
片外数据存储区,类型,pdata,C51 提供 xdata 和 pdata 来访问片外数据存储区。
程序存储区,类型,code,C51 提供 code 存储类型来访问程序存储区。
C51语言存储类型,相关,8051存储空间,C51 语言存储类型与 8051 存储空间存在对应关系。
DATA区,相关,C51语言存储类型,DATA 区的存储类型标识符为 data，属于 C51 语言存储类型。
DATA区,相关,8051存储空间,DATA 区通常指 8051 片内 RAM 的 128 字节内部数据存储区，是 8051 存储空间的一部分。
DATA区,包含,程序变量,DATA 区除包含堆栈和寄存器组外，还包含程序变量。
DATA区,包含,堆栈,DATA 区除包含堆栈和寄存器组外，还包含程序变量。
DATA区,包含,寄存器组,DATA 区除包含堆栈和寄存器组外，还包含程序变量。
data,等价,DATA区存储类型标识符,DATA 区声明中的存储类型标识符为 data。
data,相关,8051片内RAM的128字节内部数据存储变量,data 通常指 8051 片内 RAM 的 128 字节内部数据存储的变量，且可直接寻址。
外部数据存储器地址段,包含,数据存储器地址,外部数据存储器地址段中包含数据存储器地址和外部 I/O 口地址。
外部数据存储器地址段,包含,外部I/O口地址,外部数据存储器地址段中包含数据存储器地址和外部 I/O 口地址。
片内RAM,并列,片外RAM,单片机存储区中，片内 RAM 和片外 RAM 是并列的不同存储区域。
C51语言存储模式,包含,SMALL存储模式,C51 语言支持多种存储模式，包括SMALL 存储模式、COMPACT 存储模式、LARGE 存储模式。
C51语言存储模式,包含,COMPACT存储模式,C51 语言支持多种存储模式，包括SMALL 存储模式、COMPACT 存储模式、LARGE 存储模式。
C51语言存储模式,包含,LARGE存储模式,C51 语言支持多种存储模式，包括SMALL 存储模式、COMPACT 存储模式、LARGE 存储模式。
SMALL存储模式,相关,参数传递,在 SMALL 模式下，参数传递在片内数据存储区中完成。
C51语言,包含,混合模式,C51 语言支持混合模式，例如在 LARGE 模式下可将一些函数放入 SMALL 模式加快执行速度。
C51语言,相关,特殊功能寄存器,C51 语言允许通过 sfr、sbit 关键字或头文件访问 8051 单片机的特殊功能寄存器。
C51语言,包含,sfr,C51 语言提供 sfr 关键字用于定义特殊功能寄存器，如 sfr IE = 0xA8 定义中断允许寄存器。
C51语言,包含,sfr16,C51 语言提供 sfr16 关键字用于定义 16 位特殊功能寄存器，如 sfr16 DPTR = 0x82 定义数据指针 DPTR。
C51语言,包含,sbit,C51 语言提供 sbit 关键字用于特殊功能寄存器的位操作。
特殊功能寄存器,相关,直接寻址,对 8051 单片机特殊功能寄存器的访问只能采用直接寻址方式。
特殊功能寄存器,包含,可寻址位,特殊功能寄存器包含可寻址位，可通过特定方法访问。
PSW,包含,CY,PSW 寄存器包含 CY 位，CY 是 PSW 的第 7 位，地址为 0xD7。
PSW,包含,OV,PSW 寄存器包含 OV 位，OV 是 PSW 的第 2 位，地址为 0xD2。
P1口,包含,P1.7,P1 口包含 P1.7 位，通过 sbit P1_7 = P1^7 定义，地址为 0x97。
P1口,包含,P1.6,P1 口包含 P1.6 位，通过 sbit P1_6 = P1^6 定义，地址为 0x96。
P1口,包含,P1.5,P1 口包含 P1.5 位，通过 sbit P1_5 = P1^5 定义，地址为 0x95。
P1口,包含,P1.4,P1 口包含 P1.4 位，通过 sbit P1_4 = P1^4 定义，地址为 0x94。
P1口,包含,P1.3,P1 口包含 P1.3 位，通过 sbit P1_3 = P1^3 定义，地址为 0x93。
P1口,包含,P1.2,P1 口包含 P1.2 位，通过 sbit P1_2 = P1^2 定义，地址为 0x92。
P1口,包含,P1.1,P1 口包含 P1.1 位，通过 sbit P1_1 = P1^1 定义，地址为 0x91。
P1口,包含,P1.0,P1 口包含 P1.0 位，通过 sbit P1_0 = P1^0 定义，地址为 0x90。
C51语言,相关,位变量,C51 语言采用 “bit” 关键字定义位变量，是 C51 与标准 C 的不同之处。
8051单片机,相关,位操作,8051 单片机能够进行位操作，使得 C51 可定义位变量。
C51语言基本运算,包含,算术运算,C51 语言的基本运算包括算术运算，算术运算包含多种算术运算符。
C51语言基本运算,包含,关系运算,C51 语言的基本运算包括关系运算，通过关系运算符判断两个数之间的关系。
C51语言基本运算,包含,逻辑运算,C51 语言的基本运算包括逻辑运算，逻辑运算结果只有 “真” 和 “假”，由逻辑运算符实现。
C51语言基本运算,包含,位运算,C51 语言的基本运算包括位运算，通过位运算符对数据进行位操作。
C51语言基本运算,包含,赋值运算,C51 语言的基本运算包括赋值运算，用于给变量赋值。
算术运算,包含,算术运算符,算术运算是通过算术运算符实现的，如加、减、乘、除、自增、自减等运算符。
逻辑运算,包含,逻辑运算符,逻辑运算是通过逻辑运算符实现的，逻辑运算符包括逻辑与、逻辑或、逻辑非。
关系运算,包含,关系运算符,关系运算是通过关系运算符实现的，关系运算符用于判断两个数的大小、相等与否等关系。
位运算,包含,位运算符,位运算是通过位运算符实现的，位运算符包括按位与、按位或、按位异或等。
算术运算符,包含,自增运算符,自增运算符是算术运算符的一种，使变量自动加 1，放在变量前和变量后效果不同。
算术运算符,包含,自减运算符,自减运算符是算术运算符的一种，使变量自动减 1，放在变量前和变量后效果不同。
I/O口,类型,PORTA,PORTA 是一个扩展的 I/O 口，在 C51 程序中被定义和操作。
C51程序结构,包含,顺序结构,C51 程序结构包括顺序、分支和循环结构，不同结构影响程序执行流程。
C51程序结构,包含,分支结构,C51 程序结构包括顺序、分支和循环结构，不同结构影响程序执行流程。
C51程序结构,包含,循环结构,C51 程序结构包括顺序、分支和循环结构，不同结构影响程序执行流程。
分支控制语句,包含,if语句,if 语句是实现分支控制的语句之一，根据条件判定结果执行不同操作。
分支控制语句,包含,switch语句,switch 语句是实现分支控制的语句之一，用于多分支选择结构。
C51语言,包含,if语句,C51 语言提供 if 语句用于实现分支控制，有 3 种形式。
C51语言,包含,switch语句,C51 语言提供 switch 语句用于多分支选择，是分支控制的一种方式。
C51语言,包含,while语句,C51 语言提供 while 语句用于实现循环结构。
C51语言,包含,do-while语句,C51 语言提供 do - while 语句用于实现循环结构。
C51语言,包含,for语句,C51 语言提供 for 语句用于实现循环结构。
if语句,类型,单分支结构,if 语句的一种形式，结构为 if (表达式){语句}，条件成立执行语句，否则跳过。
if语句,类型,双分支结构,if 语句的一种形式，结构为 if (表达式){语句 1} else {语句 2}，实现双分支选择。
if语句,类型,多分支结构,if 语句的一种形式，相当于串行多分支选择结构，有多个 else if 分支。
AT89S8051单片机,包含,P1口,AT89S8051 单片机包含 P1 口，P1 口可用于输入输出操作。
晶体振荡器,相关,8051单片机指令执行时间,晶体振荡器的频率决定 8051 单片机指令执行时间的计时标准，影响软件延时的计算。
C51语言,包含,break语句,C51 语言提供 break 语句，可用于跳出 switch 循环体或循环结构中的本层循环。
C51语言,包含,continue语句,C51 语言提供 continue 语句，用于停止当前层循环并尝试下一层循环。
C51语言,包含,goto语句,C51 语言提供 goto 语句，是无条件转移语句，可使程序指针跳转到指定标号处。
数组,类型,整型数组,数组的一种类型，是整型变量的有序结合。
数组,类型,字符型数组,数组的一种类型，是字符型变量的有序结合。
数组,包含,数组元素,数组由数组元素组成，数组元素是数组中的数据。
C51语言,包含,数组,C51 语言中数组是重要的数据结构，有多种类型且应用广泛。
数组,类型,一维数组,数组的一种类型，由具有一个下标的数组元素组成，定义形式为 “类型说明符数组名 [元素个数]”。
数组,类型,二维数组,数组的一种类型，具有两个下标，定义形式为 “类型说明符数组名 [行数][列数]”。
数组,类型,多维数组,数组的一种类型，具有两个或两个以上下标，二维数组是多维数组的一种特殊情况。
数组,类型,字符数组,数组的一种类型，元素为字符型，可存储字符串，定义和赋值有特定规则。
数组,包含,数组元素,数组由数组元素组成，通过下标访问数组中的各个元素。
字符数组,相关,字符串常量,字符数组可用于存储字符串常量，C51 编译器会在字符串末尾自动添加结束符 '\0'。
字符,相关,ASCII码值,用单引号括起来的字符代表其 ASCII 码值，如‘a’表示 a 的 ASCII 码值 61H。
C51语言,包含,查表法,C51 编程中，查表法是一种有效的计算和数据处理方法，常用于数学运算和传感器数据处理等。
C51语言,包含,指针,C51 语言支持通用指针和存储器指针两种不同类型的指针。
数组,类型,square数组,square 数组是在 C51 程序中定义的无符号字符型数组，存储 0 - 9 的平方值。
C51语言,包含,function函数,function 函数是在 C51 程序中定义的函数，用于处理数据，如从数组中查表获取数据。
C51语言,包含,main函数,main 函数是 C51 程序的主函数，用于调用其他函数和控制程序流程。
8051单片机,相关,C51编程,8051 单片机存储资源有限，在 C51 编程时需根据需求选择合适的数组大小，避免浪费存储空间。
指针,类型,通用指针,通用指针是 C51 支持的一种指针类型，声明和使用与标准 C 语言一样，用 3 字节存储指针，速度较慢，适用于目标存储器空间不明确时。
指针,类型,存储器指针,存储器指针是 C51 支持的一种指针类型，在定义时指明存储器类型，总是指向特定的存储器空间。
通用指针,包含,pz指针变量,pz 是一个通用指针变量，定义形式符合通用指针的定义，用 3 字节存储指针。
存储器指针,包含,str指针变量,str 是一个存储器指针变量，指向 xdata 区中的 char 型数据，定义时指明了存储器类型。
存储器指针,包含,pd指针变量,pd 是一个存储器指针变量，指向外部 RAM 区中的 int 型整数，定义时指明了存储器类型。
存储器指针,相关,存储空间,存储器指针根据所指向存储区类型确定指针长度，指向 data、bdata、idata、pdata 存储区的指针需 1B，指向 code 和 xdata 存储区的指针需 2B，可节省存储空间。
函数,类型,主函数,主函数是 C51 程序的入口函数，名称为 main，一个 C51 程序必须至少有一个主函数，整个程序从主函数开始执行。
函数,类型,普通函数,普通函数是 C51 程序中除主函数外的其他函数，可分为标准库函数和用户自定义函数。
普通函数,类型,标准库函数,标准库函数由 C51 编译器提供，用户可直接调用，调用时需包含相应头文件，如调用 printf 函数需包含 stdio.h 头文件。
普通函数,类型,用户自定义函数,用户自定义函数是用户根据自身需求编写的函数，从定义形式上可分为无参函数、有参函数和空函数。
用户自定义函数,类型,无参函数,无参函数在被调用时既无参数输入，也不返回结果，一般用于完成特定操作，定义时返回值类型标识符可省略。
C51语言,相关,stdio.h,stdio.h 是 C51 语言中的头文件，包含了一些标准输入输出函数的声明，如 printf 函数，程序调用相关函数时需包含该头文件。
stdio.h,包含,printf函数声明,stdio.h 头文件包含 printf 函数的声明，使得程序在调用 printf 函数时能够正确识别和使用该函数。
有参函数,包含,形式参数,有参函数定义时，函数名后的括号中的变量为形式参数，用于接收实际参数传递的数据，如 max 函数中的 a、b。
返回语句,等价,return(),return()为返回语句。
8051单片机,相关,中断服务函数,8051 单片机的中断处理需要使用 C51 编译器扩展的中断服务函数，interrupt 后的 n 取值 0 - 4 代表中断号。
变量,类型,局部变量,局部变量是在某一个函数内部存在的变量，只在该函数内部有效。
变量,类型,全局变量,全局变量在整个源文件中有效，从定义点到源文件结束的所有函数都可访问，可使用 extern 或 static 修饰。
全局变量,相关,extern,如果在定义前的函数或其他源文件需要访问全局变量，需使用 extern 关键词进行说明。
全局变量,相关,static,使用 static 关键词定义的全局变量为静态全局变量，只能在定义的源文件内使用。
单片机,包含,程序存储区,单片机的存储区间包含程序存储区，用于存储程序代码。
单片机,包含,静态存储区,单片机的存储区间包含静态存储区，全局变量存放在此，程序开始运行时分配存储空间。
单片机,包含,动态存储区,单片机的存储区间包含动态存储区，局部变量存放在此，进入函数时分配存储空间。
C51语言,包含,宏定义,C51 语言支持宏定义，宏定义属于预处理指令，可简化变量书写，增强程序可读性。
C51语言,包含,文件包含,C51 语言支持文件包含，用于将其他文件的内容包含到当前程序中，如包含头文件。
宏定义,类型,简单的宏定义,简单的宏定义是宏定义的一种类型，格式为 “#define 宏替换名 宏替换体”，常用于简化代码书写。
宏定义,类型,带参数的宏定义,带参数的宏定义是宏定义的一种类型，与简单宏定义不同，可根据参数进行不同的替换操作。
简单的宏定义,包含,#define,#define 是简单宏定义指令的关键词，用于启动宏定义操作。
简单的宏定义,包含,宏替换名,简单宏定义中，宏替换名一般用大写字母表示，在编译时被宏替换体替代。
简单的宏定义,包含,宏替换体,简单宏定义中，宏替换体可以是数值常数、算术表达式、字符和字符串等，用于替换宏替换名。
文件包含,包含,#include,#include 是文件包含操作的指令关键词，用于指定要包含的文件。
文件包含,相关,reg51.h,在 C51 程序中，使用 “#include<reg51.h>” 将 8051 单片机的特殊功能寄存器包含文件包含到程序中，方便访问特殊功能寄存器。
文件包含,相关,reg52.h,在 C51 程序中，使用 “#include<reg52.h>” 将 8052 单片机的特殊功能寄存器包含文件包含到程序中，方便访问特殊功能寄存器。
文件包含,相关,stdio.h,"在 C51 程序中，使用 “#include< stdio.h>” 或 “#include""stdio.h""” 将标准输入、输出头文件包含到程序中，用于调用输入 / 输出流函数。"
文件包含,相关,stdlib.h,在 C51 程序中，使用文件包含操作将 stdlib.h 包含进来，以便使用其中的动态内存分配函数。
文件包含,相关,string.h,在 C51 程序中，使用文件包含操作将 string.h 包含进来，以便使用其中的缓冲区处理函数。
文件包含,相关,absacc.h,在 C51 程序中，使用文件包含操作将 absacc.h 包含进来，该文件定义了确定各类存储空间绝对地址的宏。
特殊功能寄存器包含文件,类型,reg51.h,reg51.h 是特殊功能寄存器包含文件，包含了所有 8051 的 sfr 及其位定义，用于访问 8051 单片机的特殊功能寄存器。
特殊功能寄存器包含文件,类型,reg52.h,reg52.h 是特殊功能寄存器包含文件，包含了所有 8052 的 sfr 及其位定义，用于访问 8052 单片机的特殊功能寄存器。
绝对地址包含文件,类型,absacc.h,absacc.h 是绝对地址包含文件，定义了确定各类存储空间绝对地址的宏，方便对特定存储区域进行操作。
8051单片机,类型,AT89C51,AT89C51 是 8051 单片机的一种类型，在 Keil C51 中创建项目时可选择。
8051单片机,类型,AT89S51,AT89S51 是 8051 单片机的一种类型，在 Keil C51 中选择单片机时，对于 AT89S51 也选择 AT89C51。
特殊功能寄存器,相关,单片机,特殊功能寄存器 SFR 的实质是各外围部件的控制寄存器及状态寄存器，综合反映单片机内部实际的工作状态及工作方式。
CPU,包含,中断系统,CPU 还包括中断系统和部分外部特殊功能寄存器。
CPU,包含,特殊功能寄存器,CPU 还包括中断系统和部分外部特殊功能寄存器。
片内RAM,扩展,片外RAM,片内 RAM 扩展得到片外 RAM。
数据存储器,等价,RAM,数据存储器同义于 RAM。
程序存储器,等价,ROM,程序存储器同义于 ROM。
单片机应用系统,包含,单片机,单片机是单片机应用系统的核心部分。
单片机,相关,发光二极管,单片机的并行端口 P1 - P3 可直接驱动发光二极管。
P1,相关,发光二极管,单片机并行端口 P1 可直接驱动发光二极管。
P2,相关,发光二极管,单片机并行端口 P2 可直接驱动发光二极管。
P3,相关,发光二极管,单片机并行端口 P3 可直接驱动发光二极管。
P0口,相关,通用I/O,P0 口作为总线口时，为双向口，作通用 I/O 用时，为准双向口\
I/O端口,相关,外设,I/O 端口是单片机与外设进行信息交换的桥梁。
C51,相关,reg51.h,在 C51 编译器中，对 I/O 端口特殊功能寄存器的声明包含在 reg51.h 头文件中。
发光二极管,连接,P1口,8 个发光二极管 LED0 - LED7 经限流电阻分别接至 P1 口的 P1.0 - P1.7 引脚上。
数组,相关,C51,数组是 C51 语言中的一种数据结构。
开关,连接,I/O端口,被检测的开关一端接到 I/O 端口的引脚上。
AT89S51单片机,包含,P1口,AT89S51 单片机包含 P1 口。
开关,相关,发光二极管,P1.4 - P1.7 上的开关状态反映在 P1.0 - P1.3 引脚控制的发光二极管上。
发光二极管,连接,P2口,LED0 - LED3 分别由 P2.0 - P2.3 引脚控制。
LED数码管,包含,发光二极管,LED 数码管由多个发光二极管组成，每段对应一个。
共阳极数码管,类型,LED数码管,共阳极数码管是 LED 数码管的一种类型。
共阴极数码管,类型,LED数码管,共阴极数码管是 LED 数码管的一种类型。
单片机,控制,LED数码管,单片机通过输出段码控制 LED 数码管显示字符。
段码,相关,LED数码管,用于控制 LED 数码管显示不同字符，是显示字符的二进制代码。
静态显示,类型,LED数码管显示方式,静态显示是单片机控制 LED 数码管的一种显示方式。
动态显示,类型,LED数码管显示方式,动态显示是单片机控制 LED 数码管的一种显示方式。
I/O口,相关,LED数码管,在静态显示和动态显示中，I/O 口用于控制 LED 数码管的段码和位选。
位驱动电路,相关,LED数码管,位驱动电路用于控制 LED 数码管的位选，实现动态扫描。
LED点阵显示器,包含,发光二极管,LED 点阵显示器由若干个发光二极管按矩阵方式排列组成。
图文显示器,类型,LED点阵显示器,图文显示器是 LED 点阵显示器的一种类型。
视频显示器,类型,LED点阵显示器,视频显示器是 LED 点阵显示器的一种类型。
单色LED点阵显示器,类型,LED点阵显示器,单色 LED 点阵显示器是 LED 点阵显示器的一种类型。
5×7点阵,类型,LED点阵显示器,5×7 点阵是 LED 点阵显示器按阵列点数划分的一种类型。
5×8点阵,类型,LED点阵显示器,5×8 点阵是 LED 点阵显示器按阵列点数划分的一种类型。
6×8点阵,类型,LED点阵显示器,6×8 点阵是 LED 点阵显示器按阵列点数划分的一种类型。
8×8点阵,类型,LED点阵显示器,8×8 点阵是 LED 点阵显示器按阵列点数划分的一种类型。
共阴极LED点阵,类型,LED点阵显示器,共阴极 LED 点阵是 LED 点阵显示器按极性排列划分的一种类型。
共阳极LED点阵,类型,LED点阵显示器,共阳极 LED 点阵是 LED 点阵显示器按极性排列划分的一种类型。
R0-R7,相关,LED点阵显示器,R0 - R7 是 8×8LED 点阵显示器的行线，用于控制发光二极管的行选。
C0-C7,相关,LED点阵显示器,C0 - C7 是 8×8LED 点阵显示器的列线，用于控制发光二极管的列选。
单片机,控制,16×16LED点阵显示器,单片机通过编程控制 16×16LED 点阵显示器显示字符。
16×16LED点阵显示器,包含,发光二极管,16×16LED 点阵显示器由多个发光二极管组成。
16×16LED点阵显示器,相关,8×8LED点阵显示模块,16×16LED 点阵显示器与 8×8LED 点阵显示模块内部结构及显示原理类似。
74LS154,类型,4-16译码器,74LS154 是 4 - 16 译码器的一种。
74HC154,类型,4-16译码器,74HC154 是 4 - 16 译码器的一种。
74LS07,相关,16×16LED点阵显示器,74LS07与 16×16LED 点阵显示器一起构成显示电路。
4-16译码器,相关,16×16LED点阵显示器,4 - 16 译码器用于控制 16×16LED 点阵显示器的行线电平。
P0口,相关,16×16LED点阵显示器,P0 口用于控制 16×16LED 点阵显示器的列线电平。
P1口,相关,16×16LED点阵显示器,P1 口的低 4 位经 4 - 16 译码器控制 16×16LED 点阵显示器的行线电平。
P2口,相关,16×16LED点阵显示器,P2 口用于控制 16×16LED 点阵显示器的列线电平。
R0-R15,相关,16×16LED点阵显示器,R0 - R15 是 16×16LED 点阵显示器的行线，用于控制发光二极管的行选。
C0-C15,相关,16×16LED点阵显示器,C0 - C15 是 16×16LED 点阵显示器的列线，用于控制发光二极管的列选。
L0-L15,相关,16×16LED点阵显示器,L0 - L15 是 74HC154 的译码输出线，经驱动后控制 16×16LED 点阵显示器的行线电平。
液晶显示器,包含,字段型液晶显示器,字段型液晶显示器是液晶显示器的一种类型。
液晶显示器,包含,字符型液晶显示器,字符型液晶显示器是液晶显示器的一种类型。
液晶显示器,包含,点阵图形型液晶显示器,点阵图形型液晶显示器是液晶显示器的一种类型。
液晶显示模块,包含,LCD1602液晶显示模块,LCD1602 液晶显示模块是液晶显示模块的一种。
字符库ROM,相关,LCD1602液晶显示模块,LCD1602 液晶显示模块内部具有字符库 ROM，用于显示字符。
ASCII码表,相关,LCD1602液晶显示模块,LCD1602 液晶显示模块显示的数字和字母代码与 ASCII 码表中的编码一致。
LCD1602液晶显示模块,包含,显示数据RAM,LCD1602 液晶显示模块内部有 80 字节的显示数据 RAM。
LCD1602液晶显示模块,包含,字符库ROM,LCD1602 液晶显示模块内部具有字符库 ROM。
LCD1602液晶显示模块,包含,自定义字符RAM,LCD1602 液晶显示模块内有 64 字节的自定义字符 RAM。
命令字,相关,LCD1602液晶显示模块,通过单片机向 LCD1602 写入命令字，实现对其初始化、读、写等操作。
命令字,包含,清屏命令,清屏命令是 LCD1602 的 11 个命令字之一，用于清屏并将光标返回地址 00H 位置。
命令字,包含,光标返回命令,光标返回命令是 LCD1602 的 11 个命令字之一，可使光标返回到地址 00H 位置
命令字,包含,显示模式设置命令,显示模式设置命令是 LCD1602 的 11 个命令字之一，用于设置地址指针加 1 或减 1 选择位以及屏幕上所有字符移动方向是否有效。
命令字,包含,显示开/关及光标设置命令,显示开 / 关及光标设置命令是 LCD1602 的 11 个命令字之一，用于控制屏幕整体显示、光标有无及光标闪烁情况。
命令字,包含,光标或字符移位命令,光标或字符移位命令是 LCD1602 的 11 个命令字之一，用于选择移动光标还是字符以及移位方向。
命令字,包含,功能设置命令,功能设置命令是 LCD1602 的 11 个命令字之一，可选择传输数据有效长度、显示器行数和字符显示的点阵。
命令字,包含,CGRAM地址设置命令,CGRAM 地址设置命令是 LCD1602 的 11 个命令字之一，用于设置自定义字符 RAM 的地址。
命令字,包含,显示数据RAM地址设置命令,显示数据 RAM 地址设置命令是 LCD1602 的 11 个命令字之一，用于设置 LCD 内部显示数据 RAM 地址指针，决定字符显示位置。
命令字,包含,读忙标志或地址命令,读忙标志或地址命令是 LCD1602 的 11 个命令字之一，用于读取 LCD 的忙标志或地址。
LCD1602液晶显示模块,相关,引脚,LCD1602 液晶显示模块通过引脚与单片机进行数据、命令传输和供电。
引脚,包含,数据线,LCD1602 液晶显示模块的引脚包括 8 条数据线。
引脚,包含,控制线,LCD1602 液晶显示模块的引脚包括 3 条控制线。
引脚,包含,电源线,LCD1602 液晶显示模块的引脚包括 3 条电源线。
LCD1602液晶显示模块,包含,BF,BF 是 LCD1602 的忙标志位，用于指示其工作状态。
LCD1602液晶显示模块,相关,显示模式设置命令,通过向 LCD1602 写入显示模式设置命令，可设置其显示模式。
LCD1602液晶显示模块,相关,显示开/关及光标设置命令,利用该命令可控制 LCD1602 的显示、光标及光标闪烁情况。
LCD1602液晶显示模块,相关,光标或字符移位命令,此命令可实现对 LCD1602 光标或字符的移位操作。
显示数据RAM,包含,可显示区域,可显示区域是显示数据 RAM 中能使字符立即显示的区域。
显示数据RAM,包含,隐藏区域,隐藏区域是显示数据 RAM 中字符不能立即显示，需移位才能显示的区域。
LCD1602液晶显示模块,相关,LCD1602的复位,LCD1602 上电后按复位操作进行初始化设置。
LCD1602液晶显示模块,相关,写命令,向 LCD1602 写入命令，实现各种功能设置和操作。
LCD1602液晶显示模块,相关,读数据,从 LCD1602 读取数据，获取其内部状态或数据信息。
AT89S51单片机,连接,LCD1602液晶显示模块,AT89S51 单片机通过引脚与 LCD1602 液晶显示模块连接，实现控制。
AT89S51单片机,包含,P2.0,AT89S51 单片机的 P2.0 引脚与 LCD1602 的 RS 引脚连接，用于控制读写操作。
AT89S51单片机,包含,P2.1,AT89S51 单片机的 P2.1 引脚与 LCD1602 的 R/W 引脚连接，用于控制读写操作。
AT89S51单片机,包含,P2.2,AT89S51 单片机的 P2.2 引脚与 LCD1602 的 E 引脚连接，用于控制读写操作。
RS,连接,AT89S51单片机,LCD1602 的 RS 引脚与 AT89S51 单片机的 P2.0 引脚连接。
R/W,连接,AT89S51单片机,LCD1602 的 R/W 引脚与 AT89S51 单片机的 P2.1 引脚连接。
E,连接,AT89S51单片机,LCD1602 的 E 引脚与 AT89S51 单片机的 P2.2 引脚连接。
out,相关,AT89S51单片机,out 与 AT89S51 单片机的 P0 口相关，用于获取 P0 口状态。
P0口,相关,LCD1602液晶显示模块,P0 口用于向 LCD1602 发送命令和数据。
P0.7,相关,BF,通过检测 P0.7 引脚电平来判断 BF 状态，进而决定是否可对 LCD1602 写命令。
LM016L,等价,LCD1602液晶显示器,LM016L 是 LCD1602 液晶显示器在 Proteus 中的仿真模型，引脚信号相同。
LM016L,包含,数据线D7-D0,数据线 D7 - D0 是 LM016L 的引脚，用于传输数据。
LM016L,包含,控制线RS、RW、E,控制线 RS、RW、E 是 LM016L 的引脚，用于控制 LM016L 的读写等操作。
LM016L,包含,电源线VDD、VEE,电源线 VDD、VEE 是 LM016L 的引脚，为其提供电源。
LM016L,包含,地线Vm,地线 Vm 是 LM016L 的引脚，用于接地。
AT89C51,控制,LM016L,AT89C51 单片机用于控制 LM016L的显示。
LM016L,相关,RP1,RP1 作为排电阻，在电路中与 LM016L 共同构成完整电路，可能用于分压等作用。
LM016L,相关,RP2,RP2 作为排电阻，在电路中与 LM016L 共同构成完整电路，可能用于分压等作用。
LM016L,相关,POT-LIN,POT - LIN在电路中与 LM016L 相连，可能用于调节电路参数。
KeilμVision3,相关,程序设计,通过 Keil μVision3 建立工程和源程序文件，用于编写控制 LM016L 显示的程序。
lcdinitial,相关,LM016L,lcd_initial 函数用于对 LM016L 进行初始化设置。
checkbusy,相关,LM016L,check_busy 函数用于检测 LM016L 的忙标志位，判断是否可进行写操作。
writecommand,相关,LM016L,write_command 函数用于向 LM016L 写入命令，实现各种功能设置。
writedata,相关,LM016L,write_data 函数用于将显示数据写入 LM016L 的显示数据 RAM。
string,相关,LM016L,string 函数用于在 LM016L 上显示字符串。
delay,相关,LM016L,delay 函数用于延时，在控制 LM016L 显示过程中起到时间控制作用。
main,相关,C51程序,main 函数是 C51 程序的主函数，是程序执行的入口，用于调用其他函数实现 LM016L 显示控制。
P0口,相关,LM016L,AT89C51 的 P0 口用于向 LM016L 发送命令和数据。
P2口,相关,LM016L,AT89C51 的 P2 口通过位变量 RS、RW、E 与 LM016L 相连，控制其读写操作。
P2.0,相关,RS,AT89C51 的 P2.0 引脚与 RS 位变量相连，用于控制 LM016L 的读写操作类型。
P2.1,相关,RW,AT89C51 的 P2.1 引脚与 RW 位变量相连，用于控制 LM016L 的读写操作方向。
P2.2,相关,E,AT89C51 的 P2.2 引脚与 E 位变量相连，用于控制 LM016L 的读写操作时机。
排电阻,相关,电路,RP1 和 RP2 作为排电阻是电路的组成部分，与其他元器件共同构成控制 LM016L 显示的电路。
ISIS,相关,电路设计,在 ISIS 软件中完成放置元器件、连线等电路设计操作，用于构建控制 LM016L 显示的硬件电路。
单片机,连接,键盘,单片机与键盘相连，用于获取键盘输入信息。
键盘,包含,按键,键盘由若干按键组成。
有触点开关按键,包含,触摸式键盘,触摸式键盘是有触点开关按键的一种。
有触点开关按键,包含,薄膜键盘,薄膜键盘是有触点开关按键的一种。
有触点开关按键,包含,导电橡胶键盘,导电橡胶键盘是有触点开关按键的一种。
有触点开关按键,包含,按键式键盘,按键式键盘是有触点开关按键的一种。
无触点开关按键,包含,电容式按键,电容式按键是无触点开关按键的一种。
无触点开关按键,包含,光电式按键,光电式按键是无触点开关按键的一种。
无触点开关按键,包含,磁感应按键,磁感应按键是无触点开关按键的一种。
按键,连接,行线,键盘中的按键两端分别连接在行线和列线上。
按键,连接,列线,键盘中的按键两端分别连接在行线和列线上。
行线,相关,按键状态检测,单片机通过检测行线电平状态来判断按键是否按下。
列线,相关,按键状态检测,列线接地，与行线配合用于检测按键状态。
非编码键盘,类型,键盘,非编码键盘是键盘的一种类型。
编码键盘,类型,键盘,编码键盘是键盘的一种类型。
独立式键盘,类型,非编码键盘,独立式键盘是非编码键盘的一种常见结构。
矩阵式键盘,类型,非编码键盘,矩阵式键盘是非编码键盘的一种常见结构。
k1-k8,连接,P1口,8 个按键 k1 - k8 分别接到单片机的 P1.0 - P1.7 引脚上。
P1.0-P1.7,连接,k1-k8,P1.0 - P1.7 引脚分别与按键 k1 - k8 相连，用于传输按键状态信号。
上拉电阻,连接,独立式键盘,上拉电阻与独立式键盘相连，保证按键未按下时 I/O 口线为高电平。
单片机,连接,独立式键盘,单片机与独立式键盘相连，用于检测按键状态并进行相应处理。
独立式键盘,包含,按键,独立式键盘由多个按键组成，如 k1 - k8、k1 - k4 等。
查询方式,相关,独立式键盘,采用查询方式对独立式键盘进行扫描，检测按键状态。
按键,连接,P1口,按键 k1 - k8 接在 P1.0 - P1.7 引脚上，k1 - k4 接在 P1.0 - P1.3 引脚上，通过 P1 口检测按键状态。
LED指示灯,连接,P3口,8 个 LED 指示灯接在 P3 口上，由 P3 口控制其亮灭。
软件延时子程序,相关,独立式键盘,软件延时子程序用于独立式键盘的按键去抖动操作。
Proteus,相关,独立式键盘,利用 Proteus 软件对独立式键盘系统进行虚拟仿真。
虚拟仿真,相关,独立式键盘,通过虚拟仿真来模拟独立式键盘的实际工作情况。
P1口,连接,独立式键盘,P1 口用于连接独立式键盘的按键，检测按键状态。
P1.0,连接,独立式键盘按键,P1.0 引脚与独立式键盘中对应 S1 的按键相连，传输按键状态信号。
P1.1,连接,独立式键盘按键,P1.1 引脚与独立式键盘中对应 S2 的按键相连，传输按键状态信号。
P1.2,连接,独立式键盘按键,P1.2 引脚与独立式键盘中对应 S3 的按键相连，传输按键状态信号。
P1.3,连接,独立式键盘按键,P1.3 引脚与独立式键盘中对应 S4 的按键相连，传输按键状态信号。
LED指示灯,相关,独立式键盘系统,LED 指示灯是独立式键盘系统的一部分，根据按键操作显示不同状态。
正向流水点亮函数,相关,独立式键盘系统,正向流水点亮函数在独立式键盘系统中，当对应按键按下时被调用，控制 LED 指示灯正向流水点亮。
反向流水点亮函数,相关,独立式键盘系统,反向流水点亮函数在独立式键盘系统中，当对应按键按下时被调用，控制 LED 指示灯反向流水点亮。
高、低4位交替点亮函数,相关,独立式键盘系统,高、低 4 位交替点亮函数在独立式键盘系统中，当对应按键按下时被调用，控制 LED 指示灯高、低 4 位交替点亮。
闪烁点亮函数,相关,独立式键盘系统,闪烁点亮函数在独立式键盘系统中，当对应按键按下时被调用，控制 LED 指示灯闪烁点亮。
流水灯显示延时函数,相关,独立式键盘系统,流水灯显示延时函数在独立式键盘系统中，用于控制流水灯显示的时间间隔。
S1,连接,P1.0,S1 位变量与 P1.0 引脚相连，用于检测对应按键状态。
S3,连接,P1.2,S3 位变量与 P1.2 引脚相连，用于检测对应按键状态。
S4,连接,P1.3,S4 位变量与 P1.3 引脚相连，用于检测对应按键状态。
IP,相关,INT0,用于设置 INT0 的中断优先级。
INT0,相关,独立式键盘,采用中断扫描方式时，INT0 用于响应独立式键盘的按键中断。
IE,相关,INT0,用于控制 INT0 中断的允许和禁止。
INT0,相关,单片机,INT0 是单片机的外部中断源，用于响应独立式键盘按键中断请求。
P1口,连接,矩阵式键盘,P1 口与矩阵式键盘的行线和列线相连，用于传输按键状态信号。
P0口,连接,数码管,P0 口用于控制数码管的显示，输出段码。
数码管,相关,矩阵式键盘,数码管用于显示矩阵式键盘按键对应的键号。
共阳极数码管,类型,数码管,共阳极数码管是数码管的一种类型，通过 P0 口控制显示。
查询扫描,类型,键盘扫描的工作方式,查询扫描是键盘扫描工作方式的一种，利用单片机空闲时扫描键盘。
定时扫描,类型,键盘扫描的工作方式,定时扫描是键盘扫描工作方式的一种，利用定时器中断定时扫描键盘。
中断扫描,类型,键盘扫描的工作方式,中断扫描是键盘扫描工作方式的一种，键盘有按键按下时触发中断进行扫描。
专用键盘/显示器芯片,相关,单片机,专用键盘 / 显示器芯片与单片机连接，简化键盘 / 显示器控制操作。
HD7279,类型,专用键盘/显示器芯片,HD7279 是一种专用键盘 / 显示器接口芯片，与单片机串行连接。
8279,类型,专用键盘/显示器芯片,8279 是早期流行的并行接口专用键盘 / 显示器芯片。
CH451,类型,专用键盘/显示器芯片,CH451 是常见的专用键盘 / 显示器接口芯片，与单片机接口多采用串行连接。
ZLG7289A,类型,专用键盘/显示器芯片,ZLG7289A 是常见的专用键盘 / 显示器接口芯片，与单片机接口多采用串行连接。
HD7279A,类型,专用键盘/显示器芯片,HD7279A 是 HD7279 系列芯片，能驱动 LED 数码管和管理键盘。
HD7279A,连接,单片机,HD7279A 与单片机采用串行连接，仅占用 4 条口线。
HD7279A,控制,LED数码管,HD7279A 可控制与驱动 8 位 LED 数码管，采用动态扫描循环显示方式。
LED数码管,相关,HD7279A,LED 数码管由 HD7279A 驱动显示，是其控制的显示设备。
LED发光二极管,相关,HD7279A,HD7279A 可驱动 64 个独立的 LED 发光二极管，作为显示或指示元件。
编码键盘,相关,HD7279A,HD7279A 可对编码键盘进行管理，直接获取闭合键的键号。
DIG0-DIG7,连接,LED数码管,DIG0 - DIG7 分别连接 8 只 LED 数码管的共阴极，用于控制数码管的位选。
SA-SG,连接,LED数码管,SA - SG 分别连接至 LED 数码管的 a - g 段的阳极，用于提供段驱动信号。
DP,连接,LED数码管,DP 引脚连至小数点 dp 的阳极，控制小数点的显示。
LED数码管,包含,小数点dp,小数点 dp 是 LED 数码管的一部分，其显示由 HD7279A 控制。
LED数码管,包含,a-g段,a - g 段是 LED 数码管用于显示字符的组成部分，由 HD7279A 驱动。
DATA,相关,单片机,DATA 作为串行数据输入 / 输出端，用于单片机与 HD7279A 之间的数据传输。
DATA,相关,HD7279A,DATA 作为串行数据输入 / 输出端，用于单片机与 HD7279A 之间的数据传输。
CLK,相关,单片机,CLK 为数据串行传送的同步时钟输入端，控制数据在单片机与 HD7279A 之间的传输时序。
CLK,相关,HD7279A,CLK 为数据串行传送的同步时钟输入端，控制数据在单片机与 HD7279A 之间的传输时序。
CS,相关,单片机,CS 作为片选控制端，由单片机控制其电平，以访问 HD7279A 芯片。
CS,相关,HD7279A,CS 作为片选控制端，由单片机控制其电平，以访问 HD7279A 芯片。
KEY,相关,单片机,KEY 用于输出按键按下的信号，单片机通过检测其电平判断是否有键按下。
KEY,相关,HD7279A,KEY 用于输出按键按下的信号，单片机通过检测其电平判断是否有键按下。
RESET,相关,单片机,RESET 为复位端，可由单片机控制或外接复位电路，用于复位 HD7279A。
RESET,相关,HD7279A,RESET 为复位端，可由单片机控制或外接复位电路，用于复位 HD7279A。
RC,连接,HD7279A,RC 引脚用于外接振荡元件，为 HD7279A 提供振荡信号。
控制命令,相关,HD7279A,控制命令用于控制 HD7279A 的各种功能，包括显示、键盘管理等。
纯命令,类型,控制命令,纯命令是 HD7279A 控制命令的一种类型，均为单字节命令。
带数据命令,类型,控制命令,带数据命令是 HD7279A 控制命令的一种类型，由双字节组成。
读键盘命令,类型,控制命令,读键盘命令是 HD7279A 控制命令的一种类型，用于读取矩阵键盘中按下键的键值。
方式0译码显示命令,类型,带数据命令,方式 0 译码显示命令是 HD7279A 带数据命令的一种，用于控制 LED 数码管按特定规则译码显示。
控制命令,包含,方式1译码显示命令,方式 1 译码显示命令是 HD7279A 控制命令的一种，与方式 0 类似但译码规则不同。
控制命令,包含,方式0译码显示命令,方式 0 译码显示命令是 HD7279A 控制命令的一种，用于控制 LED 数码管按特定规则译码显示。
控制命令,包含,不译码显示命令,不译码显示命令是 HD7279A 控制命令的一种，可在指定位上按特定方式显示字符。
控制命令,包含,闪烁控制命令,闪烁控制命令是 HD7279A 控制命令的一种，用于设置数码管的闪烁属性。
控制命令,包含,消隐控制命令,消隐控制命令是 HD7279A 控制命令的一种，用于设置数码管的消隐属性。
控制命令,包含,段点亮命令,段点亮命令是 HD7279A 控制命令的一种，用于点亮数码管中的某一段。
控制命令,包含,段关闭命令,段关闭命令是 HD7279A 控制命令的一种，用于关闭数码管中的某一段。
方式0译码显示命令,相关,位地址,方式 0 译码显示命令中，位地址（a2、a1、a0）用于确定显示数据应送给哪一位数码管。
方式0译码显示命令,相关,显示数据,方式 0 译码显示命令中，显示数据（d3、d2、d1、d0）用于确定数码管显示的内容。
方式0译码显示命令,相关,小数点dp,方式 0 译码显示命令中，通过控制位 dp 确定小数点是否显示。
方式1译码显示命令,相关,位地址,方式 1 译码显示命令中，位地址用于确定显示数据应送给哪一位数码管。
方式1译码显示命令,相关,显示数据,方式 1 译码显示命令中，显示数据用于确定数码管显示的内容，与十六进制相对应。
方式1译码显示命令,相关,小数点dp,方式 1 译码显示命令中，通过控制位确定小数点是否显示。
不译码显示命令,相关,位地址,不译码显示命令中，位地址（a2、a1、a0）用于确定显示的位。
不译码显示命令,相关,显示数据,不译码显示命令中，显示数据（包括 dp 和 A - G）用于确定数码管各段的亮灭。
不译码显示命令,相关,小数点dp,不译码显示命令中，通过显示数据中的 dp 位确定小数点是否熄灭。
闪烁控制命令,相关,d8-d1,闪烁控制命令中，d8 - d1 分别对应 L8 - L1 位数码管，用于设置数码管的闪烁属性。
闪烁控制命令,相关,L1-L8位数码管,闪烁控制命令根据 d8 - d1 的值设置 L1 - L8 位数码管的闪烁状态。
消隐控制命令,相关,d8-d1,消隐控制命令中，d8 - d1 分别对应 L8 - L1 位数码管，用于设置数码管的消隐属性。
消隐控制命令,相关,L1-L8位数码管,消隐控制命令根据 d8 - d1 的值设置 L1 - L8 位数码管的显示或消隐状态。
段点亮命令,相关,d5-d0,段点亮命令中，d5 - d0 的取值（00H - 3FH）用于确定要点亮的数码管段。
段点亮命令,相关,L1-L8位数码管,段点亮命令根据命令设置点亮 L1 - L8 位数码管中的某一段。
段关闭命令,相关,d5-d0,段关闭命令中，d5 - d0 的取值（00H - 3FH）用于确定要关闭的数码管段。
段关闭命令,相关,L1-L8位数码管,段关闭命令根据命令设置关闭 L1 - L8 位数码管中的某一段。
数码管段,相关,LED数码管,数码管段（a - g、dp）是 LED 数码管的组成部分，其亮灭由 HD7279A 的控制命令决定。
HD7279A,相关,读取键值命令,读取键值命令用于从 HD7279A 读出当前按下的键值。
CS,控制,HD7279A,当 CS 置为低电平时，单片机可以访问 HD7279A。
HD7279A,相关,纯命令时序,纯命令时序用于单片机向 HD7279A 发送纯命令，发送 8 个 CLK 脉冲和 8 位命令。
HD7279A,相关,带数据命令时序,带数据命令时序用于单片机向 HD7279A 发送带数据命令，发送 16 个 CLK 脉冲。
HD7279A,相关,读键盘命令时序,读键盘命令时序用于单片机向 HD7279A 发送读键盘命令并获取键值，发送 15 个 CLK 脉冲。
T1-T8,相关,HD7279A时序,T1 - T8 是 HD7279A 时序中的时间参数，需满足一定要求以保证其正常工作。
振荡元件RC,相关,HD7279A时序,选定振荡元件 RC 后需调节延时时间，使 HD7279A 的时序满足要求。
晶体振荡器,相关,HD7279A时序,单片机的晶体振荡器会影响 HD7279A 的运行，需调整 HD7279A 的时序使其运行时间接近最短。
高亮度数码管,类型,数码管,高亮度数码管是数码管的一种，可在 HD7279A 驱动下使用，以提高显示亮度。
超高亮度数码管,类型,数码管,超高亮度数码管是数码管的一种，可在 HD7279A 驱动下使用，以提高显示亮度。
接口电路,连接,AT89S51单片机,接口电路用于连接 AT89S51 单片机和 HD7279A，实现两者之间的通信和控制。
接口电路,连接,HD7279A,接口电路用于连接 AT89S51 单片机和 HD7279A，实现两者之间的通信和控制。
READKEY,相关,HD7279,READKEY 命令用于从 HD7279 读取键盘按键的键值，是获取键盘输入的操作命令。
DECODE0,相关,HD7279,DECODE0 命令是 HD7279 的方式 0 译码命令，用于控制数码管按方式 0 译码显示。
DECODE1,相关,HD7279,DECODE1 命令是 HD7279 的方式 1 译码命令，用于控制数码管按方式 1 译码显示。
UNDECODE,相关,HD7279,UNDECODE 命令是 HD7279 的不译码命令，可在指定位上以不译码方式显示字符。
SEGON,相关,HD7279,SEGON 命令是 HD7279 的段点亮命令，用于点亮数码管的某一段。
SEGOFF,相关,HD7279,SEGOFF 命令是 HD7279 的段关闭命令，用于关闭数码管的某一段。
BLINKCTL,相关,HD7279,BLINKCTL 命令是 HD7279 的闪烁控制命令，用于设置数码管的闪烁属性。
TEST,相关,HD7279,TEST 命令是 HD7279 的测试命令，用于使 LED 全部点亮并闪烁，用于测试目的。
RTL.CYCLE,相关,HD7279,RTL_CYCLE 命令是 HD7279 的循环左移命令，用于控制数码管显示内容的循环左移。
RTR.CYCLE,相关,HD7279,RTR_CYCLE 命令是 HD7279 的循环右移命令，用于控制数码管显示内容的循环右移。
RTL.UNCYL,相关,HD7279,RTL_UNCYL 命令是 HD7279 的左移命令，用于控制数码管显示内容的左移。
RTR.UNCYL,相关,HD7279,RTR_UNCYL 命令是 HD7279 的右移命令，用于控制数码管显示内容的右移。
AT89S51单片机,包含,片内存储器,AT89S51单片机片内集成有一定资源，但在许多情况下，片内存储器与I/O资源及外围器件不能满足需求。
AT89S51单片机,包含,I/O接口,AT89S51单片机片内集成有一定资源，但在许多情况下，片内存储器与I/O资源及外围器件不能满足需求。
系统扩展,包含,外扩存储器,系统扩展包括外扩存储器和I/O接口。
系统扩展,包含,I/O接口,系统扩展包括外扩存储器和I/O接口。
系统扩展,类型,并行扩展,单片机系统扩展按接口连接方式分为并行扩展和串行扩展。
系统扩展,类型,串行扩展,单片机系统扩展按接口连接方式分为并行扩展和串行扩展。
并行扩展,类型,数据存储器扩展,AT89S51单片机系统并行扩展结构主要包括数据存储器扩展、程序存储器扩展和I/O接口的扩展。
并行扩展,类型,程序存储器扩展,AT89S51单片机系统并行扩展结构主要包括数据存储器扩展、程序存储器扩展和I/O接口的扩展。
并行扩展,类型,I/O接口扩展,AT89S51单片机系统并行扩展结构主要包括数据存储器扩展、程序存储器扩展和I/O接口的扩展。
并行扩展,类型,哈佛结构,AT89S51单片机系统并行扩展结构采用哈佛结构，形成两个并行的外部存储器空间，I/O端口与数据存储器采用统一编址方式。
AT89S51单片机,类型,并行总线结构,AT89S51单片机采用并行总线结构。
并行扩展,包含,地址总线,并行扩展需构造系统总线，包括地址总线、数据总线和控制总线。
并行扩展,包含,数据总线,并行扩展需构造系统总线，包括地址总线、数据总线和控制总线。
并行扩展,包含,控制总线,并行扩展需构造系统总线，包括地址总线、数据总线和控制总线。
地址总线,控制,P2口,地址总线由P0口提供低8位、P2口提供高8位，形成16位地址总线，寻址范围达到64KB。
地址总线,控制,P0口,地址总线由P0口提供低8位、P2口提供高8位，形成16位地址总线，寻址范围达到64KB。
数据总线,控制,P0口,数据总线由P0口提供8位。
控制总线,包含,RD,控制总线包括RD、WR、PSEN、ALE等信号，用于控制外部扩展器件的读写等操作。
控制总线,包含,WR,控制总线包括RD、WR、PSEN、ALE等信号，用于控制外部扩展器件的读写等操作。
控制总线,包含,PSEN,控制总线包括RD、WR、PSEN、ALE等信号，用于控制外部扩展器件的读写等操作。
控制总线,包含,ALE,控制总线包括RD、WR、PSEN、ALE等信号，用于控制外部扩展器件的读写等操作。
地址空间分配,包含,线选法,扩展存储器及I/O接口芯片时需进行地址空间分配，常用方法有线选法和译码法。
地址空间分配,包含,译码法,扩展存储器及I/O接口芯片时需进行地址空间分配，常用方法有线选法和译码法。
线选法,控制,高位地址线,线选法利用单片机某一高位地址线作为“片选”控制信号，电路简单，但可寻址芯片数目受限，适用于外扩芯片数目不多的系统。
译码法,控制,译码器,译码法使用译码器对高位地址进行译码，将译码输出作为片选信号，能有效利用存储器空间，适用于多芯片存储器扩展，常用译码器芯片有74LS138、74LS139等。
P0口,控制,数据线,AT89S51的P0口兼作数据线和低8位地址线，需在外部增加地址锁存器，常用的有74LS373、74LS573。
P1口,控制,低8位地址线,AT89S51的P0口兼作数据线和低8位地址线，需在外部增加地址锁存器，常用的有74LS373、74LS574。
74LS373,等价,8D锁存器,74LS373是带有三态门的8D锁存器，有数据输入线D7-D0、数据输出线Q7-Q0、数据输入锁存选通信号G、数据输出允许信号OE。
74LS373,包含,数据输入线D7-D0,74LS373是带有三态门的8D锁存器，有数据输入线D7-D0、数据输出线Q7-Q1、数据输入锁存选通信号G、数据输出允许信号OE。
74LS373,包含,数据输出线Q7-Q1,74LS373是带有三态门的8D锁存器，有数据输入线D7-D0、数据输出线Q7-Q2、数据输入锁存选通信号G、数据输出允许信号OE。
74LS373,包含,数据输入锁存选通信号G,74LS373是带有三态门的8D锁存器，有数据输入线D7-D0、数据输出线Q7-Q3、数据输入锁存选通信号G、数据输出允许信号OE。
74LS373,包含,数据输出允许信号OE,74LS373是带有三态门的8D锁存器，有数据输入线D7-D0、数据输出线Q7-Q4、数据输入锁存选通信号G、数据输出允许信号OE。
74LS573,并列,74LS373,74LS573功能及内部结构与74LS373相同，只是引脚排列不同，其输入D端和输出Q端引脚依次排列在芯片两侧，便于绘制印制电路板。
AT89S51单片机,包含,128BRAM,AT89S51单片机内部有128BRAM，若不能满足需求，需扩展外部数据存储器，常用静态数据存储器（SRAM）芯片，如6116、6264等。
SRAM芯片,包含,双列直插封装,常用SRAM芯片用单一+5V电源供电，双列直插封装，有地址输入线、双向三态数据线、片选信号输入线、读选通信号输入线、写允许信号输入线等引脚。
SRAM芯片,包含,有地址输入线,常用SRAM芯片用单一+6V电源供电，双列直插封装，有地址输入线、双向三态数据线、片选信号输入线、读选通信号输入线、写允许信号输入线等引脚。
SRAM芯片,包含,双向三态数据线,常用SRAM芯片用单一+7V电源供电，双列直插封装，有地址输入线、双向三态数据线、片选信号输入线、读选通信号输入线、写允许信号输入线等引脚。
SRAM芯片,包含,片选信号输入线,常用SRAM芯片用单一+8V电源供电，双列直插封装，有地址输入线、双向三态数据线、片选信号输入线、读选通信号输入线、写允许信号输入线等引脚。
SRAM芯片,包含,读选通信号输入线,常用SRAM芯片用单一+9V电源供电，双列直插封装，有地址输入线、双向三态数据线、片选信号输入线、读选通信号输入线、写允许信号输入线等引脚。
SRAM芯片,包含,写允许信号输入线,常用SRAM芯片用单一+10V电源供电，双列直插封装，有地址输入线、双向三态数据线、片选信号输入线、读选通信号输入线、写允许信号输入线等引脚。
RAM存储器,包含,读出,RAM存储器有读出、写入、维持3种工作方式，由相应控制信号控制。
RAM存储器,包含,写入,RAM存储器有读出、写入、维持4种工作方式，由相应控制信号控制。
RAM存储器,包含,维持,RAM存储器有读出、写入、维持5种工作方式，由相应控制信号控制。
AT89S51单片机,控制,片外RAM,AT89S51单片机对片外RAM的读和写操作时序基本过程相同，读片外RAM时，ALE信号由低变高开始读周期，CPU送地址，ALE下降沿锁存低8位地址，高8位地址锁存在P2口。
片外RAM,相关,控制信号,写片外RAM时，在S4状态写控制信号有效，选通片外RAM，P0口数据写入RAM后，写控制信号变为无效。
数据存储器,控制,地址分配,并行扩展数据存储器设计时，要解决地址分配、数据线和控制信号线连接问题，若读/写速度要求高，还需考虑速度匹配问题。
数据存储器,控制,数据线,并行扩展数据存储器设计时，要解决地址分配、数据线和控制信号线连接问题，若读/写速度要求高，还需考虑速度匹配问题。
数据存储器,控制,控制信号,并行扩展数据存储器设计时，要解决地址分配、数据线和控制信号线连接问题，若读/写速度要求高，还需考虑速度匹配问题。
数据存储器,控制,速度匹配,并行扩展数据存储器设计时，要解决地址分配、数据线和控制信号线连接问题，若读/写速度要求高，还需考虑速度匹配问题。
线选法,控制,外部数据存储器,用线选法或译码法可扩展外部数据存储器，如用线选法扩展3片6264，用译码法扩展4片62128，各有相应的存储空间分配。
译码法,控制,外部数据存储器,用线选法或译码法可扩展外部数据存储器，如用线选法扩展3片6264，用译码法扩展4片62129，各有相应的存储空间分配。
可编写程序,控制,片外数据存储器,可编写程序对片外数据存储器进行操作，如将片外数据存储器中指定单元清零。
外部扩展,控制,RAM6264,单片机外部可扩展1片RAM6264，先向其0x0000地址写入64字节数据，再反向复制到0x0080地址开始处，数据可通过P1口的LED显示，操作完成后点亮D1。
AT89S5x系列单片机,包含,FlashROM,AT89S5x系列单片机片内集成有不同容量的FlashROM作为程序存储器，若片内FlashROM满足要求，可省去外部程序存储器扩展工作。
FlashROM,等价,程序存储器,AT89S6x系列单片机片内集成有不同容量的FlashROM作为程序存储器，若片内FlashROM满足要求，可省去外部程序存储器扩展工作。
AT89S51,包含,片内Flash存储器,AT89S51单片机片内4KBFlash存储器可循环写入/擦除1000次，数据保存时间为10年，具有3级加密保护。
片内Flash存储器,控制,通用编程器,对片内Flash存储器编程有使用通用编程器编程和PC通过下载线进行在线编程（ISP）两种常用方法。
片内Flash存储器,控制,下载线,对片内Flash存储器编程有使用通用编程器编程和PC通过下载线进行在线编程（ISP）两种常用方法。
编程器,包含,串行口,使用通用编程器编程时，编程器通过串行口或USB口与PC相连，运行驱动软件选择单片机型号，调入程序代码文件执行写入命令。
编程器,包含,USB口,使用通用编程器编程时，编程器通过串行口或USB口与PC相连，运行驱动软件选择单片机型号，调入程序代码文件执行写入命令。
ISP下载线,包含,串口型,ISP下载线按与PC连接方式分为串口型、并口型以及USB型，购买USB接口ISP下载线时已配置驱动软件，使用时按说明书操作。
ISP下载线,包含,并口型,ISP下载线按与PC连接方式分为串口型、并口型以及USB型，购买USB接口ISP下载线时已配置驱动软件，使用时按说明书操作。
ISP下载线,包含,USB型,ISP下载线按与PC连接方式分为串口型、并口型以及USB型，购买USB接口ISP下载线时已配置驱动软件，使用时按说明书操作。
断电数据保护,包含,E²PROM,在智能仪器仪表、工业监控等应用系统中，断电数据保护可采用E²PROM，它能在线擦除和改写，与Flash存储器有区别，并行E²PROM速度快、容量大。
E²PROM,并列,Flash存储器,在智能仪器仪表、工业监控等应用系统中，断电数据保护可采用E²PROM，它能在线擦除和改写，与Flash存储器有区别，并行E131PROM速度快、容量大。
E²PROM,包含,2816/2816A,常见的并行E²PROM芯片有2816/2816A、2817/2817A、2864A等。
E131PROM,包含,2817/2817A,常见的并行E²PROM芯片有2816/2816A、2817/2817A、2865A等。
E132PROM,包含,2864A,常见的并行E²PROM芯片有2816/2816A、2817/2817A、2866A等。
I/O口,包含,P1口,AT89S51本身4个并行I/O口中真正用作通用I/O口线的只有P1口和P3口的某些位线，I/O口不够用时需进行外部扩展。
I/O口,包含,P3口,AT89S51本身4个并行I/O口中真正用作通用I/O口线的只有P1口和P4口的某些位线，I/O口不够用时需进行外部扩展。
I/O接口,控制,速度匹配,I/O接口作为单片机与外设交换信息的桥梁，应满足实现和不同外设的速度匹配、输出数据锁存、输入数据三态缓冲等功能要求。
I/O接口,控制,输出数据锁存,I/O接口作为单片机与外设交换信息的桥梁，应满足实现和不同外设的速度匹配、输出数据锁存、输入数据三态缓冲等功能要求。
I/O接口,控制,输入数据,I/O接口作为单片机与外设交换信息的桥梁，应满足实现和不同外设的速度匹配、输出数据锁存、输入数据三态缓冲等功能要求。
I/O端口编址,类型,独立编址,I/O端口编址有独立编址和统一编址两种方式，AT89S51单片机使用统一编址方式，把I/O端口与数据存储器单元同等对待。
I/O端口编址,类型,统一编址,I/O端口编址有独立编址和统一编址两种方式，AT89S52单片机使用统一编址方式，把I/O端口与数据存储器单元同等对待。
I/O数据传送方式,类型,同步传送,I/O数据传送方式有同步传送、异步传送和中断传送，同步传送用于外设与单片机速度比拟时，异步传送是查询传送，中断传送可提高单片机工作效率。
I/O数据传送方式,类型,异步传送,I/O数据传送方式有同步传送、异步传送和中断传送，同步传送用于外设与单片机速度比拟时，异步传送是查询传送，中断传送可提高单片机工作效率。
I/O数据传送方式,类型,中断传送,I/O数据传送方式有同步传送、异步传送和中断传送，同步传送用于外设与单片机速度比拟时，异步传送是查询传送，中断传送可提高单片机工作效率。
82C55,包含,I/O接口,82C55是常用的可编程并行I/O接口芯片，具有3个8位并行I/O口，3种工作方式，可通过编程改变功能。
82C55,包含,三态双向数据线D7-D0,82C55有三态双向数据线D7-D0、片选信号线CS、读信号线RD、写信号线WR等引脚，内部有端口PA、PB、PC，A组和B组控制电路等部件。
82C55,包含,片选信号线CS,82C55有三态双向数据线D7-D1、片选信号线CS、读信号线RD、写信号线WR等引脚，内部有端口PA、PB、PC，A组和B组控制电路等部件。
82C55,包含,读信号线RD,82C55有三态双向数据线D7-D2、片选信号线CS、读信号线RD、写信号线WR等引脚，内部有端口PA、PB、PC，A组和B组控制电路等部件。
82C55,包含,写信号线WR,82C55有三态双向数据线D7-D3、片选信号线CS、读信号线RD、写信号线WR等引脚，内部有端口PA、PB、PC，A组和B组控制电路等部件。
82C55,包含,PA,82C55有三态双向数据线D7-D4、片选信号线CS、读信号线RD、写信号线WR等引脚，内部有端口PA、PB、PC，A组和B组控制电路等部件。
82C55,包含,PB,82C55有三态双向数据线D7-D5、片选信号线CS、读信号线RD、写信号线WR等引脚，内部有端口PA、PB、PC，A组和B组控制电路等部件。
82C55,包含,PC,82C55有三态双向数据线D7-D6、片选信号线CS、读信号线RD、写信号线WR等引脚，内部有端口PA、PB、PC，A组和B组控制电路等部件。
82C55,包含,A组控制电路,82C55有三态双向数据线D7-D7、片选信号线CS、读信号线RD、写信号线WR等引脚，内部有端口PA、PB、PC，A组和B组控制电路等部件。
82C55,包含,B组控制电路,82C55有三态双向数据线D7-D8、片选信号线CS、读信号线RD、写信号线WR等引脚，内部有端口PA、PB、PC，A组和B组控制电路等部件。
AT89S51,赋值,82C55控制寄存器,AT89S51单片机可向82C55控制寄存器写入工作方式选择控制字和端口PC置位/复位控制字，以设置82C55的工作方式和PC口状态。
82C55工作方式,类型,方式0,82C55的工作方式有方式0（基本输入/输出）、方式1（应答输入/输出）、方式2（双向传送，仅PA口有），方式0下可无条件传送数据，3个端口可软件设置为输入或输出。
82C56工作方式,类型,方式1,82C55的工作方式有方式0（基本输入/输出）、方式1（应答输入/输出）、方式2（双向传送，仅PA口有），方式0下可无条件传送数据，4个端口可软件设置为输入或输出。
82C57工作方式,类型,方式2,82C55的工作方式有方式0（基本输入/输出）、方式1（应答输入/输出）、方式2（双向传送，仅PA口有），方式0下可无条件传送数据，5个端口可软件设置为输入或输出。
82C55方式1,包含,有选通信号STB,82C55方式1输入时，有选通信号STB、输出应答线IBFA、中断请求信号INTR等应答联络信号，数据传送有相应的工作过程。
82C55方式1,包含,输出应答线IBFA,82C55方式1输入时，有选通信号STB、输出应答线IBFA、中断请求信号INTR等应答联络信号，数据传送有相应的工作过程。
82C55方式1,包含,中断请求信号INTR,82C55方式1输入时，有选通信号STB、输出应答线IBFA、中断请求信号INTR等应答联络信号，数据传送有相应的工作过程。
82C55方式1,包含,有端口输出缓冲器满信号OBF,82C55方式1输出时，有端口输出缓冲器满信号OBF、外设的应答信号ACK、中断请求信号INTR等应答联络信号，数据传送有相应的工作过程。
82C55方式1,包含,外设的应答信号ACK,82C55方式1输出时，有端口输出缓冲器满信号OBF、外设的应答信号ACK、中断请求信号INTR等应答联络信号，数据传送有相应的工作过程。
82C55方式1,包含,中断请求信号INTR,82C55方式1输出时，有端口输出缓冲器满信号OBF、外设的应答信号ACK、中断请求信号INTR等应答联络信号，数据传送有相应的工作过程。
82C55方式2,等价,方式1输入,82C55方式2适用于像键盘、显示器一类的外设，是方式1输入和方式1输出的组合，只有PA口能设定为方式2。
82C55方式2,等价,方式1输出,82C55方式2适用于像键盘、显示器一类的外设，是方式1输入和方式1输出的组合，只有PA口能设定为方式3。
硬件接口电路,控制,地址锁存器,AT89S51单片机扩展82C55时，硬件接口电路涉及地址锁存器、地址线、控制线和数据线的连接，要确定82C55端口地址，软件编程需根据外设类型选择操作方式并写入控制字。
硬件接口电路,控制,地址线,AT89S51单片机扩展82C55时，硬件接口电路涉及地址锁存器、地址线、控制线和数据线的连接，要确定82C56端口地址，软件编程需根据外设类型选择操作方式并写入控制字。
硬件接口电路,控制,控制线,AT89S51单片机扩展82C55时，硬件接口电路涉及地址锁存器、地址线、控制线和数据线的连接，要确定82C57端口地址，软件编程需根据外设类型选择操作方式并写入控制字。
硬件接口电路,控制,数据线,AT89S51单片机扩展82C55时，硬件接口电路涉及地址锁存器、地址线、控制线和数据线的连接，要确定82C58端口地址，软件编程需根据外设类型选择操作方式并写入控制字。
AT89S51单片机,控制,TTL电路,在AT89S51单片机应用系统中，可采用TTL电路、CMOS电路锁存器或三态门电路扩展简单输入/输出口，如利用74LS244和74LS373芯片扩展I/O口。
AT89S52单片机,控制,CMOS电路锁存器,在AT89S51单片机应用系统中，可采用TTL电路、CMOS电路锁存器或三态门电路扩展简单输入/输出口，如利用74LS244和74LS374芯片扩展I/O口。
AT89S53单片机,控制,三态门电路,在AT89S51单片机应用系统中，可采用TTL电路、CMOS电路锁存器或三态门电路扩展简单输入/输出口，如利用74LS244和74LS375芯片扩展I/O口。
方式0,控制,并行I/O扩展,AT89S51单片机串行口的方式0可用于并行I/O扩展，用74LS165可扩展并行输入口，用74LS164可扩展并行输出口。
74LS165,控制,并行输入口,AT89S51单片机串行口的方式0可用于并行I/O扩展，用74LS165可扩展并行输入口，用74LS164可扩展并行输出口。
74LS164,控制,并行输出口,AT89S51单片机串行口的方式0可用于并行I/O扩展，用74LS165可扩展并行输入口，用74LS164可扩展并行输出口。
单片机系统,包含,串行扩展,单片机系统除了并行扩展，串行扩展技术也得到了广泛应用。
串行接口器件,并列,单片机,串行接口器件与单片机相连所需I/O口线很少，仅1-4条，简化了器件连接并提高了可靠性。
串行接口器件,包含,电路板,串行接口器件体积小，占用电路板空间小，能降低成本。
串行扩展总线接口,包含,单总线接口,常见的串行扩展总线接口有单总线、SPI串行外设接口和I²C串行总线接口。
串行扩展总线接口,包含,SPI串行外设接口,常见的串行扩展总线接口有单总线、SPI串行外设接口和I²C串行总线接口。
串行扩展总线接口,包含,I²C串行总线接口,常见的串行扩展总线接口有单总线、SPI串行外设接口和I²C串行总线接口。
单总线,等价,1-Wirebus,单总线也称0-Wirebus，是美国DALLAS公司推出的外围串行扩展总线。
单总线,包含,外围串行扩展总线,单总线也称1-Wirebus，是美国DALLAS公司推出的外围串行扩展总线。
单总线,包含,DQ,单总线只有一条数据输入/输出线DQ，总线上所有器件都挂在DQ上，且一般无需另加电源。
单总线,控制,DS18B20,单总线应用的典型案例是采用单总线温度传感器DS18B20的温度测量系统。
DS18B20,等价,数字温度传感器,DS18B20是美国DALLAS公司生产的数字温度传感器，测量范围为-55~+128℃，在-10~+85℃范围内精度可达±0.5℃。
DS18B20,控制,测温,DS18B20体积小、功耗低，适合恶劣环境及狭小空间内设备的测温。
DS18B20,赋值,数字信号,DS18B20可直接将温度转化为数字信号传送给单片机，无需传统的信号放大和A/D转换等外围电路。
DS18B20,控制,DQ,多个DS18B20可挂在单片机的1根I/O口线（DQ线）上，单片机通过总线DQ对其寻址，DQ需加上拉电阻。
DS18B20片内,包含,高速暂存器,DS18B20片内有9个字节的高速暂存器RAM单元，包括温度值、报警限值、配置寄存器和CRC码等。
高速暂存器,包含,温度值,DS18B20片内有10个字节的高速暂存器RAM单元，包括温度值、报警限值、配置寄存器和CRC码等。
高速暂存器,包含,报警限值,DS18B20片内有11个字节的高速暂存器RAM单元，包括温度值、报警限值、配置寄存器和CRC码等。
高速暂存器,包含,配置寄存器,DS18B20片内有12个字节的高速暂存器RAM单元，包括温度值、报警限值、配置寄存器和CRC码等。
高速暂存器,包含,CRC码,DS18B20片内有13个字节的高速暂存器RAM单元，包括温度值、报警限值、配置寄存器和CRC码等。
寄存器,控制,R1,配置寄存器可通过R1、R0设置分辨率，不同分辨率对应不同的转换时间。
寄存器,控制,R0,配置寄存器可通过R1、R0设置分辨率，不同分辨率对应不同的转换时间。
R1,控制,分辨率,配置寄存器可通过R1、R0设置分辨率，不同分辨率对应不同的转换时间。
R0,控制,分辨率,配置寄存器可通过R1、R1设置分辨率，不同分辨率对应不同的转换时间。
分辨率,相关,转换时间,配置寄存器可通过R1、R0设置分辨率，不同分辨率对应不同的转换时间。
DS18B20的工作时序,包含,初始化时序,DS18B20的工作时序包括初始化时序、写时序和读时序，对延时时间要求严格。
DS18B21的工作时序,包含,写时序,DS18B21的工作时序包括初始化时序、写时序和读时序，对延时时间要求严格。
DS18B22的工作时序,包含,读时序,DS18B22的工作时序包括初始化时序、写时序和读时序，对延时时间要求严格。
DS18B20片内,包含,ROM编码,DS18B20片内有唯一的64位光刻ROM编码，单片机写入的命令均为8位长。
DS18B20,控制,ROM命令,对多个DS18B20操作时，需先读出序列号，再用匹配ROM命令；对单个操作时，可用跳过ROM命令。
DS18B20,相关,LED数码管,利用DS18B20和LED数码管实现单总线温度测量系统，测量范围-55~128℃，显示00-99。
DS18B20,控制,单总线温度测量系统,利用DS18B20和LED数码管实现单总线温度测量系统，测量范围-55~128℃，显示00-99。
LED数码管,控制,单总线温度测量系统,利用DS18B20和LED数码管实现单总线温度测量系统，测量范围-55~128℃，显示00-99。
DS18B20温度,赋值,LED数码管,在Proteus环境下仿真，可手动调整DS18B20温度，LED数码管会显示相应温度值。
74LS47,控制,BCD码,电路中74LS47用于将单片机P0口输出的BCD码转化为段码驱动LED数码管显示。
74LS48,控制,LED数码管,电路中74LS47用于将单片机P1口输出的BCD码转化为段码驱动LED数码管显示。
SPI,等价,同步串行外设接口,SPI是Motorola公司推出的同步串行外设接口，允许单片机与带标准SPI接口的外围设备直接连接。
SPI系统,类型,单主器件系统,典型的SPI系统是单主器件系统，从器件多为外围接口器件。
从器件,类型,外围接口器件,典型的SPI系统是单主器件系统，从器件多为外围接口器件。
I/O口,控制,片选端,单片机扩展多个SPI器件时，需通过I/O口控制片选端分时选通；扩展单个时，片选端可接地或由I/O口控制。
SPI系统,包含,数据传输速度,SPI系统中数据传送格式是高位在前，低位在后，数据传输速度最高可达1.03Mbit/s。
SPI系统,包含,数据传送格式,SPI系统中数据传送格式是高位在前，低位在后，数据传输速度最高可达1.04Mbit/s。
单片机,包含,SPI接口,世界各大公司提供了多种具有SPI接口的单片机和外围接口芯片。
外围接口芯片,包含,SPI接口,世界各大公司提供了多种具有SPI接口的单片机和外围接口芯片。
AT89S51,控制,软件,AT89S51单片机无SPI接口，可通过软件与I/O口结合模拟SPI接口时序。
AT89S52,控制,I/O口,AT89S52单片机无SPI接口，可通过软件与I/O口结合模拟SPI接口时序。
I²C,等价,芯片间总线,I²C全称为芯片间总线，是应用广泛的芯片间串行扩展总线，多采用飞利浦公司的技术规范。
I131C,类型,芯片间串行扩展总线,I²C全称为芯片间总线，是应用广泛的芯片间串行扩展总线，多采用飞利浦公司的技术规范。
芯片间串行扩展总线,类型,芯片间串行扩展总线,I²C全称为芯片间总线，是应用广泛的芯片间串行扩展总线，多采用飞利浦公司的技术规范。
I²C串行总线,包含,SDA,I²C串行总线只有数据线SDA和时钟线SCL两条信号线，且都是双向的。
I²C串行总线,包含,SCL,I²C串行总线只有数据线SDA和时钟线SCL两条信号线，且都是双向的。
I²C串行总线,包含,数据线,I²C串行总线只有数据线SDA和时钟线SCL两条信号线，且都是双向的。
I²C串行总线,包含,时钟线,I²C串行总线只有数据线SDA和时钟线SCL两条信号线，且都是双向的。
数据线,等价,SDA,I²C串行总线只有数据线SDA和时钟线SCL两条信号线，且都是双向的。
时钟线,等价,SCL,I²C串行总线只有数据线SDA和时钟线SCL两条信号线，且都是双向的。
I²C总线,控制,纯软件寻址方法,I²C总线上各器件的数据线接SDA，时钟线接SCL，采用纯软件寻址方法，简化了总线数量。
主器件,控制,I²C总线,I²C总线运行由主器件控制，主器件通常是单片机，从器件需带有I²C总线接口。
主器件,等价,单片机,I²C总线运行由主器件控制，主器件通常是单片机，从器件需带有I²C总线接口。
从器件,包含,I²C总线接口,I²C总线运行由主器件控制，主器件通常是单片机，从器件需带有I²C总线接口。
I²C总线,控制,SDA,I²C总线空闲时，SDA和SCL均为高电平，各器件输出级为漏极或集电极开路，需接上拉电阻。
I²C总线,控制,SCL,I²C总线空闲时，SDA和SCL均为高电平，各器件输出级为漏极或集电极开路，需接上拉电阻。
时钟信号,控制,数据传输,SCL线上的时钟信号对SDA线上的数据传输起同步控制作用。
数据位,相关,时钟脉冲,I²C总线数据传送时，数据位与时钟脉冲对应，时钟高电平时数据需稳定，低电平时数据电平可变化。
主机,控制,起始信号,总线上数据传送由起始信号（S）开始，由终止信号（P）结束，起始和终止信号都由主机发出。
主机,控制,终止信号,总线上数据传送由起始信号（S）开始，由终止信号（P）结束，起始和终止信号都由主机发出。
字节,相关,应答位,I²C总线传送字节数无限制，每字节8位，先传最高位，每个字节后需跟随1位应答位。
数据帧格式,包含,地址信号,I²C总线上的数据帧格式包括地址信号和数据信号，起始信号后需传送从器件地址和读写方向位。
数据帧格式,包含,数据信号,I²C总线上的数据帧格式包括地址信号和数据信号，起始信号后需传送从器件地址和读写方向位。
起始信号,包含,从器件地址,I²C总线上的数据帧格式包括地址信号和数据信号，起始信号后需传送从器件地址和读写方向位。
起始信号,包含,读写方向位,I²C总线上的数据帧格式包括地址信号和数据信号，起始信号后需传送从器件地址和读写方向位。
I²C总线寻址,类型,软件寻址,I²C总线寻址采用软件寻址，寻址字节由7位从器件地址和1位读写方向位组成。
并行I/O口线,控制,AT89S51单片机,AT89S51单片机无I²C接口，可利用并行I/O口线结合软件模拟I²C总线上的时序。
I²C总线数据传送,包含,起始信号,I²C总线数据传送有严格时序要求，需模拟起始信号、终止信号、应答/数据“0”及非应答/数据“1”等典型信号。
I²C总线数据传送,包含,终止信号,I²C总线数据传送有严格时序要求，需模拟起始信号、终止信号、应答/数据“0”及非应答/数据“1”等典型信号。
I²C总线数据传送,包含,应答/数据“0”,I²C总线数据传送有严格时序要求，需模拟起始信号、终止信号、应答/数据“0”及非应答/数据“1”等典型信号。
I²C总线数据传送,包含,非应答/数据“1”,I²C总线数据传送有严格时序要求，需模拟起始信号、终止信号、应答/数据“0”及非应答/数据“1”等典型信号。
I²C总线通信,控制,总线初始化,AT89S51单片机模拟I²C总线通信时，需编写总线初始化、起始信号、终止信号、应答/数据“0”以及非应答/数据“1”等函数。
I²C总线通信,控制,起始信号,AT89S51单片机模拟I²C总线通信时，需编写总线初始化、起始信号、终止信号、应答/数据“0”以及非应答/数据“1”等函数。
I²C总线通信,控制,终止信号,AT89S51单片机模拟I²C总线通信时，需编写总线初始化、起始信号、终止信号、应答/数据“0”以及非应答/数据“1”等函数。
I²C总线通信,控制,应答/数据“0”,AT89S51单片机模拟I²C总线通信时，需编写总线初始化、起始信号、终止信号、应答/数据“0”以及非应答/数据“1”等函数。
I²C总线通信,控制,非应答/数据“1”,AT89S51单片机模拟I²C总线通信时，需编写总线初始化、起始信号、终止信号、应答/数据“0”以及非应答/数据“1”等函数。
I²C总线数据传送,包含,单字节数据,I²C总线数据传送中常使用单字节数据的发送与接收，有相应的子程序。
存储器,包含,IC卡,通用存储器的IC卡多采用I²C总线接口的AT24Cxx系列芯片，以AT24C02为例介绍其读写操作。
IC卡,包含,AT24Cxx系列芯片,通用存储器的IC卡多采用I²C总线接口的AT24Cxx系列芯片，以AT24C02为例介绍其读写操作。
AT24C02芯片,包含,字节格式,AT24C02芯片地址固定为1010，地址控制字节格式为1010A2A1A0R/W，片内存储空间用1字节地址码寻址。
AT24C02芯片,包含,片内存储空间,AT24C02芯片地址固定为1010，地址控制字节格式为1010A2A1A0R/W，片内存储空间用1字节地址码寻址。
AT24C02,控制,字节写入,AT24C02有字节写入和页写入两种写入方式，以及指定地址读和指定地址连续读两种读方式。
AT24C02,控制,页写入,AT24C02有字节写入和页写入两种写入方式，以及指定地址读和指定地址连续读两种读方式。
AT24C02,控制,指定地址读,AT24C02有字节写入和页写入两种写入方式，以及指定地址读和指定地址连续读两种读方式。
AT24C02,控制,指定地址连续读,AT24C02有字节写入和页写入两种写入方式，以及指定地址读和指定地址连续读两种读方式。
传感器,控制,模拟电信号,在单片机测控系统里，温度、压力等非电物理量先经传感器变成连续变化的模拟电信号（电压或电流），再由ADC转换为数字量供单片机处理，处理后的数字量有时需经DAC转换为模拟信号输出。
ADC,控制,数字量,在单片机测控系统里，温度、压力等非电物理量先经传感器变成连续变化的模拟电信号（电压或电流），再由ADC转换为数字量供单片机处理，处理后的数字量有时需经DAC转换为模拟信号输出。
ADC,控制,模拟信号,在单片机测控系统里，温度、压力等非电物理量先经传感器变成连续变化的模拟电信号（电压或电流），再由ADC转换为数字量供单片机处理，处理后的数字量有时需经DAC转换为模拟信号输出。
集成化DAC芯片,类型,10位,如今集成化DAC芯片丰富多样，部分单片机集成了10位左右、转换速度快的DAC，低端并行8位DAC在实验室或某些工业控制领域因性价比高仍有应用空间。
集成化DAC芯片,包含,转换速度快的DAC,如今集成化DAC芯片丰富多样，部分单片机集成了10位左右、转换速度快的DAC，低端并行8位DAC在实验室或某些工业控制领域因性价比高仍有应用空间。
集成化DAC芯片,包含,低端并行8位DAC,如今集成化DAC芯片丰富多样，部分单片机集成了10位左右、转换速度快的DAC，低端并行8位DAC在实验室或某些工业控制领域因性价比高仍有应用空间。
D/A转换器,类型,电压输出,D/A转换器有电压输出和电流输出两种形式，与单片机的接口形式有并行和串行（如SPI串行接口），选择时要依据系统结构考虑接口形式。
D/A转换器,类型,电流输出,D/A转换器有电压输出和电流输出两种形式，与单片机的接口形式有并行和串行（如SPI串行接口），选择时要依据系统结构考虑接口形式。
D/A转换器,类型,并行,D/A转换器有电压输出和电流输出两种形式，与单片机的接口形式有并行和串行（如SPI串行接口），选择时要依据系统结构考虑接口形式。
D/A转换器,类型,串行,D/A转换器有电压输出和电流输出两种形式，与单片机的接口形式有并行和串行（如SPI串行接口），选择时要依据系统结构考虑接口形式。
D/A转换器,包含,分辨率,D/A转换器的主要技术指标包括分辨率（与二进制位数相关，位数越多分辨率越高）、建立时间（描述转换速度，电流输出型转换时间短，电压输出型因I-V转换时间长）、转换精度（理想与分辨率一致，实际受多种因素影响，相同位数不同芯片精度不同）。
分辨率,相关,二进制位数,D/A转换器的主要技术指标包括分辨率（与二进制位数相关，位数越多分辨率越高）、建立时间（描述转换速度，电流输出型转换时间短，电压输出型因I-V转换时间长）、转换精度（理想与分辨率一致，实际受多种因素影响，相同位数不同芯片精度不同）。
D/A转换器,包含,建立时间,D/A转换器的主要技术指标包括分辨率（与二进制位数相关，位数越多分辨率越高）、建立时间（描述转换速度，电流输出型转换时间短，电压输出型因I-V转换时间长）、转换精度（理想与分辨率一致，实际受多种因素影响，相同位数不同芯片精度不同）。
建立时间,控制,转换速度,D/A转换器的主要技术指标包括分辨率（与二进制位数相关，位数越多分辨率越高）、建立时间（描述转换速度，电流输出型转换时间短，电压输出型因I-V转换时间长）、转换精度（理想与分辨率一致，实际受多种因素影响，相同位数不同芯片精度不同）。
D/A转换器,包含,转换精度,D/A转换器的主要技术指标包括分辨率（与二进制位数相关，位数越多分辨率越高）、建立时间（描述转换速度，电流输出型转换时间短，电压输出型因I-V转换时间长）、转换精度（理想与分辨率一致，实际受多种因素影响，相同位数不同芯片精度不同）。
转换精度,等价,分辨率,D/A转换器的主要技术指标包括分辨率（与二进制位数相关，位数越多分辨率越高）、建立时间（描述转换速度，电流输出型转换时间短，电压输出型因I-V转换时间长）、转换精度（理想与分辨率一致，实际受多种因素影响，相同位数不同芯片精度不同）。
DAC0832,类型,D/A转换器,DAC0832是常用的并行8位D/A转换器，它有DI7-DIO等多个引脚，分别用于接收数字量、控制数据输入锁存、输出电流、提供反馈信号、接入参考电压和电源等，且数字地和模拟地有连接要求。
DAC0832,包含,DI7-DIO,DAC0832是常用的并行8位D/A转换器，它有DI7-DIO等多个引脚，分别用于接收数字量、控制数据输入锁存、输出电流、提供反馈信号、接入参考电压和电源等，且数字地和模拟地有连接要求。
DAC0832,控制,接收数字量,DAC0832是常用的并行8位D/A转换器，它有DI7-DIO等多个引脚，分别用于接收数字量、控制数据输入锁存、输出电流、提供反馈信号、接入参考电压和电源等，且数字地和模拟地有连接要求。
DAC0832,控制,控制数据输入锁存,DAC0832是常用的并行8位D/A转换器，它有DI7-DIO等多个引脚，分别用于接收数字量、控制数据输入锁存、输出电流、提供反馈信号、接入参考电压和电源等，且数字地和模拟地有连接要求。
DAC0832,控制,输出电流,DAC0832是常用的并行8位D/A转换器，它有DI7-DIO等多个引脚，分别用于接收数字量、控制数据输入锁存、输出电流、提供反馈信号、接入参考电压和电源等，且数字地和模拟地有连接要求。
DAC0832,控制,提供反馈信号,DAC0832是常用的并行8位D/A转换器，它有DI7-DIO等多个引脚，分别用于接收数字量、控制数据输入锁存、输出电流、提供反馈信号、接入参考电压和电源等，且数字地和模拟地有连接要求。
DAC0832,控制,接入参考电压,DAC0832是常用的并行8位D/A转换器，它有DI7-DIO等多个引脚，分别用于接收数字量、控制数据输入锁存、输出电流、提供反馈信号、接入参考电压和电源等，且数字地和模拟地有连接要求。
DAC0832,控制,电源,DAC0832是常用的并行8位D/A转换器，它有DI7-DIO等多个引脚，分别用于接收数字量、控制数据输入锁存、输出电流、提供反馈信号、接入参考电压和电源等，且数字地和模拟地有连接要求。
AT89S51单片机,,DAC0832,AT89S51单片机控制DAC0832可实现数字调压，DAC0832输出有单缓冲和双缓冲方式，单缓冲方式适用于一路或多路不同步模拟量输出的情况。
DAC0832输出,类型,单缓冲方式,AT89S51单片机控制DAC0832可实现数字调压，DAC0832输出有单缓冲和双缓冲方式，单缓冲方式适用于一路或多路不同步模拟量输出的情况。
DAC0832输出,类型,双缓冲方式,AT89S51单片机控制DAC0832可实现数字调压，DAC0832输出有单缓冲和双缓冲方式，单缓冲方式适用于一路或多路不同步模拟量输出的情况。
P2.0,控制,DAC0832,在单片机与DAC0832单缓冲方式接口设计中，单片机P2.0和P2.1脚控制DAC0832相关端，数字量经P1口送入转换，通过虚拟直流电压表可观察输出电压在一定范围内变化。
P2.1,控制,DAC0832,在单片机与DAC0832单缓冲方式接口设计中，单片机P2.0和P2.1脚控制DAC0832相关端，数字量经P1口送入转换，通过虚拟直流电压表可观察输出电压在一定范围内变化。
单片机,控制,DAC0832,单片机控制DAC0832制作波形发生器，原理是发送不同波形数据经D/A转换输出模拟信号，正弦波需送256个采样点数据，方波靠定时器定时中断控制高低电平持续时间，三角波通过数字量先增后减实现，锯齿波由数据不断增1溢出清零产生，梯形波是数字量先增到0xff延时再减形成。
DAC0832,赋值,波形发生器,单片机控制DAC0832制作波形发生器，原理是发送不同波形数据经D/A转换输出模拟信号，正弦波需送256个采样点数据，方波靠定时器定时中断控制高低电平持续时间，三角波通过数字量先增后减实现，锯齿波由数据不断增1溢出清零产生，梯形波是数字量先增到0xff延时再减形成。
采样点,赋值,正弦波,单片机控制DAC0832制作波形发生器，原理是发送不同波形数据经D/A转换输出模拟信号，正弦波需送256个采样点数据，方波靠定时器定时中断控制高低电平持续时间，三角波通过数字量先增后减实现，锯齿波由数据不断增1溢出清零产生，梯形波是数字量先增到0xff延时再减形成。
定时中断,赋值,方波,单片机控制DAC0832制作波形发生器，原理是发送不同波形数据经D/A转换输出模拟信号，正弦波需送256个采样点数据，方波靠定时器定时中断控制高低电平持续时间，三角波通过数字量先增后减实现，锯齿波由数据不断增1溢出清零产生，梯形波是数字量先增到0xff延时再减形成。
数字量,赋值,三角波,单片机控制DAC0832制作波形发生器，原理是发送不同波形数据经D/A转换输出模拟信号，正弦波需送256个采样点数据，方波靠定时器定时中断控制高低电平持续时间，三角波通过数字量先增后减实现，锯齿波由数据不断增1溢出清零产生，梯形波是数字量先增到0xff延时再减形成。
数据溢出清零,赋值,锯齿波,单片机控制DAC0832制作波形发生器，原理是发送不同波形数据经D/A转换输出模拟信号，正弦波需送256个采样点数据，方波靠定时器定时中断控制高低电平持续时间，三角波通过数字量先增后减实现，锯齿波由数据不断增1溢出清零产生，梯形波是数字量先增到0xff延时再减形成。
数字量,赋值,梯形波,单片机控制DAC0832制作波形发生器，原理是发送不同波形数据经D/A转换输出模拟信号，正弦波需送256个采样点数据，方波靠定时器定时中断控制高低电平持续时间，三角波通过数字量先增后减实现，锯齿波由数据不断增1溢出清零产生，梯形波是数字量先增到0xff延时再减形成。
TLC5615,类型,DAC,TLC5615是美国TI公司的串行SPI接口10位电压输出型DAC，最大输出电压是基准电压值的两倍，有上电复位功能，适用于电池供电设备、数字失调与增益调整及工业控制等场合。
TLC5615,包含,DAC电路,TLC5615内部由10位DAC电路、16位移位寄存器等组成，有12位数据序列和级联两种工作方式，片选脚CS为低电平时串行输入数据，在SCLK时钟上升沿移入，CS上升沿锁存数据供转换。
TLC5615,包含,寄存器,TLC5615内部由10位DAC电路、16位移位寄存器等组成，有12位数据序列和级联两种工作方式，片选脚CS为低电平时串行输入数据，在SCLK时钟上升沿移入，CS上升沿锁存数据供转换。
TLC5615,类型,数据序列,TLC5615内部由10位DAC电路、16位移位寄存器等组成，有12位数据序列和级联两种工作方式，片选脚CS为低电平时串行输入数据，在SCLK时钟上升沿移入，CS上升沿锁存数据供转换。
TLC5615,类型,级联,TLC5615内部由10位DAC电路、16位移位寄存器等组成，有12位数据序列和级联两种工作方式，片选脚CS为低电平时串行输入数据，在SCLK时钟上升沿移入，CS上升沿锁存数据供转换。
片选脚CS,控制,串行输入数据,TLC5615内部由10位DAC电路、16位移位寄存器等组成，有12位数据序列和级联两种工作方式，片选脚CS为低电平时串行输入数据，在SCLK时钟上升沿移入，CS上升沿锁存数据供转换。
单片机,控制,TLC5615,单片机控制TLC5615进行D/A转换时，调节可变电位计RV1可使输出电压在0-5V内调节，通过虚拟直流电压表可观察转换输出电压值。
TLC5615,控制,D/A转换,单片机控制TLC5615进行D/A转换时，调节可变电位计RV1可使输出电压在0-5V内调节，通过虚拟直流电压表可观察转换输出电压值。
RV1,控制,输出电压,单片机控制TLC5615进行D/A转换时，调节可变电位计RV1可使输出电压在0-5V内调节，通过虚拟直流电压表可观察转换输出电压值。
虚拟直流电压表,控制,输出电压值,单片机控制TLC5615进行D/A转换时，调节可变电位计RV1可使输出电压在0-5V内调节，通过虚拟直流电压表可观察转换输出电压值。
A/D转换器,类型,逐次比较型,A/D转换器将模拟量转换为数字量供单片机处理，目前有逐次比较型、双积分型、∑-△式等多种类型，还有不同输出位数和接口形式，部分单片机片内集成A/D转换器，但有时仍需外扩。
A/D转换器,类型,双积分型,A/D转换器将模拟量转换为数字量供单片机处理，目前有逐次比较型、双积分型、∑-△式等多种类型，还有不同输出位数和接口形式，部分单片机片内集成A/D转换器，但有时仍需外扩。
A/D转换器,类型,∑-△式,A/D转换器将模拟量转换为数字量供单片机处理，目前有逐次比较型、双积分型、∑-△式等多种类型，还有不同输出位数和接口形式，部分单片机片内集成A/D转换器，但有时仍需外扩。
单片机片内,包含,A/D转换器,A/D转换器将模拟量转换为数字量供单片机处理，目前有逐次比较型、双积分型、∑-△式等多种类型，还有不同输出位数和接口形式，部分单片机片内集成A/D转换器，但有时仍需外扩。
A/D转换器主要技术指标,包含,转换时间,A/D转换器的主要技术指标有转换时间或转换速率、分辨率（取决于位数，位数越高分辨率越高，量化误差越小）、转换精度（实际与理想A/D转换器量化值的差值，相同位数芯片精度未必相同）。
A/D转换器主要技术指标,包含,转换速率,A/D转换器的主要技术指标有转换时间或转换速率、分辨率（取决于位数，位数越高分辨率越高，量化误差越小）、转换精度（实际与理想A/D转换器量化值的差值，相同位数芯片精度未必相同）。
A/D转换器主要技术指标,包含,分辨率,A/D转换器的主要技术指标有转换时间或转换速率、分辨率（取决于位数，位数越高分辨率越高，量化误差越小）、转换精度（实际与理想A/D转换器量化值的差值，相同位数芯片精度未必相同）。
A/D转换器主要技术指标,包含,转换精度,A/D转换器的主要技术指标有转换时间或转换速率、分辨率（取决于位数，位数越高分辨率越高，量化误差越小）、转换精度（实际与理想A/D转换器量化值的差值，相同位数芯片精度未必相同）。
ADC0809,类型,A/D转换器,ADC0809是逐次比较型8路模拟输入、8位数字量输出的A/D转换器，由单一+5V电源供电，片内有模拟开关，转换时间与时钟频率有关，可直接连到单片机数据总线。
转换时间,相关,时钟频率,ADC0809是逐次比较型8路模拟输入、8位数字量输出的A/D转换器，由单一+5V电源供电，片内有模拟开关，转换时间与时钟频率有关，可直接连到单片机数据总线。
单片机,控制,ADC0809,单片机控制ADC0809进行A/D转换，有查询和中断两种方式，查询方式检测EOC脚电平判断转换是否结束，中断方式是转换结束时EOC信号向单片机发出中断请求。
ADC0809,控制,A/D转换,单片机控制ADC0809进行A/D转换，有查询和中断两种方式，查询方式检测EOC脚电平判断转换是否结束，中断方式是转换结束时EOC信号向单片机发出中断请求。
A/D转换,类型,查询方式,单片机控制ADC0809进行A/D转换，有查询和中断两种方式，查询方式检测EOC脚电平判断转换是否结束，中断方式是转换结束时EOC信号向单片机发出中断请求。
A/D转换,类型,中断方式,单片机控制ADC0809进行A/D转换，有查询和中断两种方式，查询方式检测EOC脚电平判断转换是否结束，中断方式是转换结束时EOC信号向单片机发出中断请求。
查询方式,相关,EOC脚电平,单片机控制ADC0809进行A/D转换，有查询和中断两种方式，查询方式检测EOC脚电平判断转换是否结束，中断方式是转换结束时EOC信号向单片机发出中断请求。
中断方式,相关,中断请求,单片机控制ADC0809进行A/D转换，有查询和中断两种方式，查询方式检测EOC脚电平判断转换是否结束，中断方式是转换结束时EOC信号向单片机发出中断请求。
电压,控制,发光二极管,设计两路输入的数字电压表时，采用查询方式对两路模拟电压交替采集，电压超设定值时驱动发光二极管闪烁和蜂鸣器发声，测量结果显示在LED数码管和虚拟电压表上。
电压,控制,蜂鸣器,设计两路输入的数字电压表时，采用查询方式对两路模拟电压交替采集，电压超设定值时驱动发光二极管闪烁和蜂鸣器发声，测量结果显示在LED数码管和虚拟电压表上。
TLC549,类型,A/D转换器,TLC549是美国TI公司的串行8位A/D转换器，带有SPI接口，转换速度小于17μs，能方便与单片机连接，其工作时序有特定要求。
TLC549,包含,SPI接口,TLC549是美国TI公司的串行8位A/D转换器，带有SPI接口，转换速度小于17μs，能方便与单片机连接，其工作时序有特定要求。
TLC2543,类型,A/D转换器,TLC2543是美国TI公司的12位串行SPI接口A/D转换器，片内有14路模拟开关，工作过程分I/O周期和转换周期，每次转换需写入命令字确定转换参数。
TLC2543,包含,14路模拟开关,TLC2543是美国TI公司的12位串行SPI接口A/D转换器，片内有14路模拟开关，工作过程分I/O周期和转换周期，每次转换需写入命令字确定转换参数。
TLC2543工作过程,类型,I/O周期,TLC2543是美国TI公司的12位串行SPI接口A/D转换器，片内有14路模拟开关，工作过程分I/O周期和转换周期，每次转换需写入命令字确定转换参数。
TLC2543工作过程,类型,转换周期,TLC2543是美国TI公司的12位串行SPI接口A/D转换器，片内有14路模拟开关，工作过程分I/O周期和转换周期，每次转换需写入命令字确定转换参数。
